timestamp,id,extended_id,RX,remote_frame,error_frame,dlc,data,rotor_angle [rad],rotor_speed [rad/s],torque_current [mA]
1678228112.7865095,0x201,0,1,0,0EE2,0.08117315002561518,0.0,65514000
1678228112.7873561,0x201,0,1,0,0EE2,0.08117315002561518,0.0,65449000
1678228112.7884736,0x201,0,1,0,0EE1,0.08115184473689455,190.62486090282067,42000
1678228112.7892926,0x201,0,1,0,0EE1,0.08115184473689455,190.62486090282067,42000
1678228112.790344,0x201,0,1,0,0EE1,0.08115184473689455,190.62486090282067,65517000
1678228112.7912748,0x201,0,1,0,0EE1,0.08115184473689455,0.0,45000
1678228112.7923298,0x201,0,1,0,0EE1,0.08115184473689455,0.0,42000
1678228112.7933369,0x201,0,1,0,0EE1,0.08115184473689455,0.0,45000
1678228112.7942755,0x201,0,1,0,0EE1,0.08115184473689455,0.0,45000
1678228112.7952244,0x201,0,1,0,0EE2,0.08117315002561518,0.0,42000
1678228112.7964,0x201,0,1,0,0EE3,0.08119445531433582,0.008726646259971648,110000
1678228112.7972136,0x201,0,1,0,0EE3,0.08119445531433582,0.008726646259971648,108000
1678228112.798227,0x201,0,1,0,0EE4,0.08121576060305645,0.008726646259971648,42000
1678228112.7991748,0x201,0,1,0,0EE4,0.08121576060305645,0.008726646259971648,108000
1678228112.8001862,0x201,0,1,0,0EE5,0.08123706589177708,0.008726646259971648,46000
1678228112.8011632,0x201,0,1,0,0EE5,0.08123706589177708,0.008726646259971648,108000
1678228112.8023894,0x201,0,1,0,0EE6,0.08125837118049771,0.008726646259971648,104000
1678228112.8031282,0x201,0,1,0,0EE6,0.08125837118049771,0.008726646259971648,108000
1678228112.8041904,0x201,0,1,0,0EE6,0.08125837118049771,0.0,108000
1678228112.8051643,0x201,0,1,0,0EE6,0.08125837118049771,0.0,42000
1678228112.8063695,0x201,0,1,0,0EE6,0.08125837118049771,190.62486090282067,108000
1678228112.8070812,0x201,0,1,0,0EE6,0.08125837118049771,0.0,104000
1678228112.808177,0x201,0,1,0,0EE6,0.08125837118049771,0.0,108000
1678228112.8091059,0x201,0,1,0,0EE6,0.08125837118049771,0.0,108000
1678228112.8102906,0x201,0,1,0,0EE6,0.08125837118049771,0.0,108000
1678228112.811041,0x201,0,1,0,0EE6,0.08125837118049771,0.0,178000
1678228112.8120863,0x201,0,1,0,0EE6,0.08125837118049771,0.0,108000
1678228112.8131652,0x201,0,1,0,0EE6,0.08125837118049771,0.0,108000
1678228112.8140614,0x201,0,1,0,0EE6,0.08125837118049771,0.0,108000
1678228112.814982,0x201,0,1,0,0EE6,0.08125837118049771,0.0,108000
1678228112.8161097,0x201,0,1,0,0EE6,0.08125837118049771,0.0,104000
1678228112.816964,0x201,0,1,0,0EE6,0.08125837118049771,0.0,108000
1678228112.8179832,0x201,0,1,0,0EE7,0.08127967646921835,0.0,175000
1678228112.819002,0x201,0,1,0,0EE7,0.08127967646921835,0.0,104000
1678228112.8199956,0x201,0,1,0,0EE8,0.08130098175793898,0.008726646259971648,109000
1678228112.821045,0x201,0,1,0,0EE8,0.08130098175793898,0.008726646259971648,175000
1678228112.8219388,0x201,0,1,0,0EE9,0.08132228704665961,0.008726646259971648,176000
1678228112.8230667,0x201,0,1,0,0EE9,0.08132228704665961,0.008726646259971648,103000
1678228112.8239691,0x201,0,1,0,0EE9,0.08132228704665961,0.0,103000
1678228112.8249695,0x201,0,1,0,0EE9,0.08132228704665961,0.0,103000
1678228112.825911,0x201,0,1,0,0EE9,0.08132228704665961,190.62486090282067,114000
1678228112.8269086,0x201,0,1,0,0EE9,0.08132228704665961,0.0,170000
1678228112.8278944,0x201,0,1,0,0EE9,0.08132228704665961,0.0,109000
1678228112.8289077,0x201,0,1,0,0EE9,0.08132228704665961,0.0,109000
1678228112.82984,0x201,0,1,0,0EE9,0.08132228704665961,0.0,103000
1678228112.8309746,0x201,0,1,0,0EE9,0.08132228704665961,0.0,170000
1678228112.8318594,0x201,0,1,0,0EE9,0.08132228704665961,0.0,109000
1678228112.8330684,0x201,0,1,0,0EE9,0.08132228704665961,0.0,170000
1678228112.8337793,0x201,0,1,0,0EE9,0.08132228704665961,0.0,176000
1678228112.8349328,0x201,0,1,0,0EE9,0.08132228704665961,0.0,170000
1678228112.835832,0x201,0,1,0,0EE9,0.08132228704665961,0.0,103000
1678228112.8369894,0x201,0,1,0,0EE9,0.08132228704665961,0.0,103000
1678228112.8377986,0x201,0,1,0,0EE9,0.08132228704665961,0.0,170000
1678228112.8388767,0x201,0,1,0,0EE9,0.08132228704665961,0.0,103000
1678228112.839808,0x201,0,1,0,0EE9,0.08132228704665961,0.0,176000
1678228112.841006,0x201,0,1,0,0EE9,0.08132228704665961,0.0,176000
1678228112.8417566,0x201,0,1,0,0EE9,0.08132228704665961,0.0,170000
1678228112.8427663,0x201,0,1,0,0EE9,0.08132228704665961,0.0,176000
1678228112.843837,0x201,0,1,0,0EE9,0.08132228704665961,0.0,170000
1678228112.844689,0x201,0,1,0,0EE9,0.08132228704665961,0.0,109000
1678228112.8456995,0x201,0,1,0,0EE9,0.08132228704665961,0.0,170000
1678228112.8467042,0x201,0,1,0,0EE9,0.08132228704665961,0.0,170000
1678228112.8477437,0x201,0,1,0,0EE9,0.08132228704665961,0.0,176000
1678228112.8486273,0x201,0,1,0,0EE9,0.08132228704665961,0.0,170000
1678228112.8496528,0x201,0,1,0,0EEA,0.08134359233538024,0.0,170000
1678228112.850721,0x201,0,1,0,0EEA,0.08134359233538024,0.0,176000
1678228112.8516293,0x201,0,1,0,0EEB,0.08136489762410087,0.008726646259971648,176000
1678228112.8525794,0x201,0,1,0,0EEB,0.08136489762410087,0.008726646259971648,170000
1678228112.8536005,0x201,0,1,0,0EEC,0.08138620291282152,0.008726646259971648,170000
1678228112.8546767,0x201,0,1,0,0EEC,0.08138620291282152,0.008726646259971648,170000
1678228112.8556397,0x201,0,1,0,0EED,0.08140750820154215,0.008726646259971648,170000
1678228112.8565972,0x201,0,1,0,0EED,0.08140750820154215,0.008726646259971648,170000
1678228112.8575916,0x201,0,1,0,0EEE,0.08142881349026279,0.008726646259971648,170000
1678228112.8586466,0x201,0,1,0,0EEE,0.08142881349026279,0.008726646259971648,170000
1678228112.8595836,0x201,0,1,0,0EEE,0.08142881349026279,0.0,170000
1678228112.8605604,0x201,0,1,0,0EEE,0.08142881349026279,190.62486090282067,237000
1678228112.861611,0x201,0,1,0,0EEE,0.08142881349026279,0.0,170000
1678228112.8625736,0x201,0,1,0,0EEE,0.08142881349026279,0.0,237000
1678228112.8637612,0x201,0,1,0,0EEE,0.08142881349026279,0.0,177000
1678228112.8645017,0x201,0,1,0,0EEE,0.08142881349026279,0.0,237000
1678228112.8656018,0x201,0,1,0,0EEE,0.08142881349026279,0.0,237000
1678228112.866523,0x201,0,1,0,0EEE,0.08142881349026279,0.0,163000
1678228112.8677177,0x201,0,1,0,0EEE,0.08142881349026279,0.0,237000
1678228112.8684695,0x201,0,1,0,0EEE,0.08142881349026279,0.0,170000
1678228112.8694985,0x201,0,1,0,0EEE,0.08142881349026279,0.0,170000
1678228112.8704772,0x201,0,1,0,0EEE,0.08142881349026279,0.0,237000
1678228112.8716648,0x201,0,1,0,0EEE,0.08142881349026279,0.0,170000
1678228112.872412,0x201,0,1,0,0EEE,0.08142881349026279,0.0,244000
1678228112.8734677,0x201,0,1,0,0EEE,0.08142881349026279,0.0,237000
1678228112.8745568,0x201,0,1,0,0EEE,0.08142881349026279,0.0,170000
1678228112.8755808,0x201,0,1,0,0EEE,0.08142881349026279,0.0,237000
1678228112.876355,0x201,0,1,0,0EEE,0.08142881349026279,0.0,170000
1678228112.877443,0x201,0,1,0,0EEE,0.08142881349026279,0.0,237000
1678228112.8784325,0x201,0,1,0,0EEE,0.08142881349026279,0.0,237000
1678228112.8793874,0x201,0,1,0,0EEE,0.08142881349026279,0.0,237000
1678228112.8803735,0x201,0,1,0,0EEE,0.08142881349026279,0.0,237000
1678228112.8813539,0x201,0,1,0,0EEE,0.08142881349026279,0.0,170000
1678228112.8823059,0x201,0,1,0,0EEE,0.08142881349026279,0.0,170000
1678228112.8833344,0x201,0,1,0,0EEF,0.08145011877898342,0.0,237000
1678228112.8843284,0x201,0,1,0,0EEF,0.08145011877898342,0.0,245000
1678228112.8853137,0x201,0,1,0,0EF0,0.08147142406770405,0.008726646259971648,237000
1678228112.8862686,0x201,0,1,0,0EF0,0.08147142406770405,0.008726646259971648,237000
1678228112.8872864,0x201,0,1,0,0EF1,0.08149272935642468,0.008726646259971648,237000
1678228112.8882756,0x201,0,1,0,0EF1,0.08149272935642468,0.008726646259971648,237000
1678228112.8893356,0x201,0,1,0,0EF2,0.08151403464514533,0.008726646259971648,237000
1678228112.8902996,0x201,0,1,0,0EF2,0.08151403464514533,0.008726646259971648,238000
1678228112.8912382,0x201,0,1,0,0EF3,0.08153533993386596,0.008726646259971648,305000
1678228112.8923106,0x201,0,1,0,0EF3,0.08153533993386596,0.008726646259971648,246000
1678228112.8932536,0x201,0,1,0,0EF4,0.0815566452225866,0.008726646259971648,305000
1678228112.894269,0x201,0,1,0,0EF4,0.0815566452225866,0.0,305000
1678228112.8952243,0x201,0,1,0,0EF4,0.0815566452225866,0.0,237000
1678228112.8963153,0x201,0,1,0,0EF4,0.0815566452225866,190.62486090282067,305000
1678228112.8972187,0x201,0,1,0,0EF4,0.0815566452225866,0.0,237000
1678228112.898401,0x201,0,1,0,0EF4,0.0815566452225866,0.0,237000
1678228112.8991408,0x201,0,1,0,0EF4,0.0815566452225866,0.0,305000
1678228112.9002497,0x201,0,1,0,0EF4,0.0815566452225866,0.0,305000
1678228112.9011784,0x201,0,1,0,0EF4,0.0815566452225866,0.0,305000
1678228112.9023497,0x201,0,1,0,0EF4,0.0815566452225866,0.0,305000
1678228112.9030926,0x201,0,1,0,0EF4,0.0815566452225866,0.0,296000
1678228112.9041057,0x201,0,1,0,0EF4,0.0815566452225866,0.0,315000
1678228112.9051275,0x201,0,1,0,0EF4,0.0815566452225866,0.0,306000
1678228112.9062994,0x201,0,1,0,0EF5,0.08157795051130722,0.0,306000
1678228112.9070387,0x201,0,1,0,0EF5,0.08157795051130722,0.008726646259971648,305000
1678228112.908037,0x201,0,1,0,0EF6,0.08159925580002786,0.008726646259971648,305000
1678228112.9091787,0x201,0,1,0,0EF6,0.08159925580002786,0.008726646259971648,305000
1678228112.9100013,0x201,0,1,0,0EF7,0.08162056108874849,0.008726646259971648,374000
1678228112.9109912,0x201,0,1,0,0EF7,0.08162056108874849,0.008726646259971648,306000
1678228112.9120107,0x201,0,1,0,0EF7,0.08162056108874849,0.008726646259971648,306000
1678228112.9130063,0x201,0,1,0,0EF7,0.08162056108874849,0.0,237000
1678228112.9140222,0x201,0,1,0,0EF7,0.08162056108874849,190.62486090282067,306000
1678228112.9152675,0x201,0,1,0,0EF7,0.08162056108874849,0.0,306000
1678228112.9159627,0x201,0,1,0,0EF7,0.08162056108874849,0.0,306000
1678228112.9169266,0x201,0,1,0,0EF7,0.08162056108874849,0.0,306000
1678228112.9179733,0x201,0,1,0,0EF7,0.08162056108874849,0.0,374000
1678228112.9189625,0x201,0,1,0,0EF7,0.08162056108874849,0.0,306000
1678228112.9198866,0x201,0,1,0,0EF7,0.08162056108874849,0.0,306000
1678228112.9209487,0x201,0,1,0,0EF7,0.08162056108874849,0.0,306000
1678228112.9219244,0x201,0,1,0,0EF7,0.08162056108874849,0.0,374000
1678228112.9229834,0x201,0,1,0,0EF7,0.08162056108874849,0.0,306000
1678228112.9239442,0x201,0,1,0,0EF8,0.08164186637746912,0.0,375000
1678228112.924925,0x201,0,1,0,0EF8,0.08164186637746912,0.0,306000
1678228112.9258425,0x201,0,1,0,0EF9,0.08166317166618976,0.008726646259971648,375000
1678228112.9270022,0x201,0,1,0,0EF9,0.08166317166618976,0.008726646259971648,375000
1678228112.9279048,0x201,0,1,0,0EFA,0.08168447695491039,0.008726646259971648,375000
1678228112.9290843,0x201,0,1,0,0EFA,0.08168447695491039,0.008726646259971648,306000
1678228112.9298263,0x201,0,1,0,0EFB,0.08170578224363102,0.008726646259971648,375000
1678228112.9309404,0x201,0,1,0,0EFB,0.08170578224363102,0.008726646259971648,376000
1678228112.931842,0x201,0,1,0,0EFC,0.08172708753235165,0.008726646259971648,306000
1678228112.9329975,0x201,0,1,0,0EFC,0.08172708753235165,0.008726646259971648,293000
1678228112.9338086,0x201,0,1,0,0EFD,0.0817483928210723,0.008726646259971648,306000
1678228112.9348044,0x201,0,1,0,0EFD,0.0817483928210723,0.008726646259971648,363000
1678228112.9357436,0x201,0,1,0,0EFE,0.08176969810979293,0.008726646259971648,376000
1678228112.9369535,0x201,0,1,0,0EFE,0.08176969810979293,0.008726646259971648,306000
1678228112.9377735,0x201,0,1,0,0EFE,0.08176969810979293,0.0,293000
1678228112.9389126,0x201,0,1,0,0EFE,0.08176969810979293,0.0,306000
1678228112.9397292,0x201,0,1,0,0EFE,0.08176969810979293,190.62486090282067,306000
1678228112.9409351,0x201,0,1,0,0EFE,0.08176969810979293,0.0,306000
1678228112.9417555,0x201,0,1,0,0EFE,0.08176969810979293,0.0,390000
1678228112.9427507,0x201,0,1,0,0EFE,0.08176969810979293,0.0,306000
1678228112.9437535,0x201,0,1,0,0EFE,0.08176969810979293,0.0,376000
1678228112.9446769,0x201,0,1,0,0EFE,0.08176969810979293,0.0,306000
1678228112.9456556,0x201,0,1,0,0EFE,0.08176969810979293,0.0,363000
1678228112.9466624,0x201,0,1,0,0EFE,0.08176969810979293,0.0,306000
1678228112.9476917,0x201,0,1,0,0EFE,0.08176969810979293,0.0,306000
1678228112.948628,0x201,0,1,0,0EFE,0.08176969810979293,0.0,376000
1678228112.949648,0x201,0,1,0,0EFE,0.08176969810979293,0.0,306000
1678228112.9506078,0x201,0,1,0,0EFE,0.08176969810979293,0.0,363000
1678228112.951621,0x201,0,1,0,0EFE,0.08176969810979293,0.0,306000
1678228112.9526,0x201,0,1,0,0EFF,0.08179100339851357,0.0,377000
1678228112.9537768,0x201,0,1,0,0EFF,0.08179100339851357,0.008726646259971648,377000
1678228112.954767,0x201,0,1,0,0F00,0.08181230868723419,0.008726646259971648,391000
1678228112.955613,0x201,0,1,0,0F00,0.08181230868723419,0.008726646259971648,376000
1678228112.9565923,0x201,0,1,0,0F01,0.08183361397595483,0.008726646259971648,307000
1678228112.9575896,0x201,0,1,0,0F01,0.08183361397595483,0.008726646259971648,377000
1678228112.9585338,0x201,0,1,0,0F02,0.08185491926467546,0.008726646259971648,307000
1678228112.9595594,0x201,0,1,0,0F02,0.08185491926467546,0.008726646259971648,361000
1678228112.9605002,0x201,0,1,0,0F03,0.0818762245533961,0.008726646259971648,307000
1678228112.9617105,0x201,0,1,0,0F03,0.0818762245533961,0.008726646259971648,393000
1678228112.9624658,0x201,0,1,0,0F04,0.08189752984211673,0.008726646259971648,306000
1678228112.963551,0x201,0,1,0,0F03,0.0818762245533961,0.0,306000
1678228112.96464,0x201,0,1,0,0F03,0.0818762245533961,0.0,377000
1678228112.96542,0x201,0,1,0,0F03,0.0818762245533961,190.62486090282067,377000
1678228112.9664423,0x201,0,1,0,0F03,0.0818762245533961,0.0,377000
1678228112.967469,0x201,0,1,0,0F03,0.0818762245533961,0.0,377000
1678228112.968466,0x201,0,1,0,0F03,0.0818762245533961,0.0,447000
1678228112.969613,0x201,0,1,0,0F03,0.0818762245533961,0.0,377000
1678228112.9703543,0x201,0,1,0,0F03,0.0818762245533961,0.0,322000
1678228112.9715354,0x201,0,1,0,0F03,0.0818762245533961,0.0,306000
1678228112.972406,0x201,0,1,0,0F03,0.0818762245533961,0.0,393000
1678228112.9734285,0x201,0,1,0,0F03,0.0818762245533961,0.0,377000
1678228112.9743426,0x201,0,1,0,0F03,0.0818762245533961,0.0,377000
1678228112.9753654,0x201,0,1,0,0F03,0.0818762245533961,0.0,306000
1678228112.9764018,0x201,0,1,0,0F03,0.0818762245533961,0.0,377000
1678228112.977557,0x201,0,1,0,0F03,0.0818762245533961,0.0,306000
1678228112.978356,0x201,0,1,0,0F03,0.0818762245533961,0.0,393000
1678228112.979487,0x201,0,1,0,0F03,0.0818762245533961,0.0,306000
1678228112.9803338,0x201,0,1,0,0F03,0.0818762245533961,0.0,377000
1678228112.9812562,0x201,0,1,0,0F03,0.0818762245533961,0.0,377000
1678228112.982331,0x201,0,1,0,0F03,0.0818762245533961,0.0,306000
1678228112.9832294,0x201,0,1,0,0F03,0.0818762245533961,0.0,306000
1678228112.9843085,0x201,0,1,0,0F04,0.08189752984211673,0.0,306000
1678228112.9854798,0x201,0,1,0,0F05,0.08191883513083736,0.0,377000
1678228112.9861906,0x201,0,1,0,0F05,0.08191883513083736,0.008726646259971648,378000
1678228112.987491,0x201,0,1,0,0F06,0.081940140419558,0.008726646259971648,378000
1678228112.9882488,0x201,0,1,0,0F06,0.081940140419558,0.008726646259971648,394000
1678228112.9892576,0x201,0,1,0,0F07,0.08196144570827862,0.008726646259971648,377000
1678228112.9901865,0x201,0,1,0,0F07,0.08196144570827862,0.008726646259971648,307000
1678228112.9912293,0x201,0,1,0,0F08,0.08198275099699927,0.008726646259971648,378000
1678228112.99227,0x201,0,1,0,0F08,0.08198275099699927,0.008726646259971648,378000
1678228112.9933863,0x201,0,1,0,0F09,0.0820040562857199,0.008726646259971648,395000
1678228112.9941566,0x201,0,1,0,0F0A,0.08202536157444054,0.008726646259971648,397000
1678228112.9951687,0x201,0,1,0,0F0B,0.08204666686316117,0.008726646259971648,378000
1678228112.9963486,0x201,0,1,0,0F0C,0.0820679721518818,0.02036217460660051,377000
1678228112.997092,0x201,0,1,0,0F0D,0.08208927744060243,0.02036217460660051,307000
1678228112.9982507,0x201,0,1,0,0F0E,0.08211058272932308,0.008726646259971648,398000
1678228112.9990628,0x201,0,1,0,0F0F,0.0821318880180437,0.008726646259971648,398000
1678228113.0002022,0x201,0,1,0,0F10,0.08215319330676435,0.02036217460660051,327000
1678228113.0013165,0x201,0,1,0,0F11,0.08217449859548497,0.02036217460660051,378000
1678228113.0020592,0x201,0,1,0,0F12,0.08219580388420561,0.02036217460660051,378000
1678228113.003291,0x201,0,1,0,0F13,0.08221710917292624,0.02036217460660051,400000
1678228113.0040455,0x201,0,1,0,0F15,0.08225971975036751,0.02036217460660051,400000
1678228113.0050282,0x201,0,1,0,0F16,0.08228102503908814,0.02036217460660051,377000
1678228113.0061624,0x201,0,1,0,0F17,0.08230233032780877,0.02036217460660051,329000
1678228113.007001,0x201,0,1,0,0F19,0.08234494090525005,0.02036217460660051,401000
1678228113.0081234,0x201,0,1,0,0F1B,0.08238755148269132,0.02036217460660051,305000
1678228113.0092528,0x201,0,1,0,0F1D,0.08243016206013258,0.02908882086657216,403000
1678228113.009993,0x201,0,1,0,0F1E,0.08245146734885321,0.02908882086657216,403000
1678228113.011036,0x201,0,1,0,0F20,0.08249407792629448,0.02908882086657216,403000
1678228113.012219,0x201,0,1,0,0F21,0.08251538321501511,0.02908882086657216,330000
1678228113.012964,0x201,0,1,0,0F23,0.08255799379245637,0.02908882086657216,330000
1678228113.0140898,0x201,0,1,0,0F25,0.08260060436989765,0.02908882086657216,359000
1678228113.0149357,0x201,0,1,0,0F27,0.08264321494733891,0.04072434921320102,404000
1678228113.0160182,0x201,0,1,0,0F29,0.08268582552478018,0.02908882086657216,404000
1678228113.0171685,0x201,0,1,0,0F2C,0.0827497413909421,0.04072434921320102,405000
1678228113.0179,0x201,0,1,0,0F2E,0.08279235196838336,0.04072434921320102,405000
1678228113.0191157,0x201,0,1,0,0F30,0.08283496254582462,0.04072434921320102,405000
1678228113.0198822,0x201,0,1,0,0F33,0.08289887841198652,0.04072434921320102,405000
1678228113.0208964,0x201,0,1,0,0F35,0.0829414889894278,0.05235987755982988,365000
1678228113.0220332,0x201,0,1,0,0F38,0.08300540485558969,0.05235987755982988,405000
1678228113.02287,0x201,0,1,0,0F3B,0.0830693207217516,0.05235987755982988,367000
1678228113.0239954,0x201,0,1,0,0F3E,0.0831332365879135,0.05235987755982988,441000
1678228113.0248485,0x201,0,1,0,0F40,0.08317584716535477,0.05235987755982988,368000
1678228113.025798,0x201,0,1,0,0F42,0.08321845774279604,0.05235987755982988,441000
1678228113.0270166,0x201,0,1,0,0F45,0.08328237360895793,0.05235987755982988,482000
1678228113.0277755,0x201,0,1,0,0F47,0.0833249841863992,0.05235987755982988,368000
1678228113.028797,0x201,0,1,0,0F4A,0.08338890005256111,0.05235987755982988,369000
1678228113.0299132,0x201,0,1,0,0F4C,0.08343151063000237,0.05235987755982988,369000
1678228113.0307727,0x201,0,1,0,0F4F,0.08349542649616427,0.05235987755982988,296000
1678228113.0318952,0x201,0,1,0,0F51,0.08353803707360555,0.05235987755982988,339000
1678228113.0327501,0x201,0,1,0,0F54,0.08360195293976744,0.05235987755982988,296000
1678228113.0337317,0x201,0,1,0,0F56,0.08364456351720871,0.05235987755982988,369000
1678228113.0347595,0x201,0,1,0,0F59,0.08370847938337062,0.05235987755982988,342000
1678228113.035961,0x201,0,1,0,0F5C,0.08377239524953252,0.05235987755982988,415000
1678228113.0366986,0x201,0,1,0,0F5E,0.08381500582697378,0.05235987755982988,415000
1678228113.0376978,0x201,0,1,0,0F61,0.08387892169313568,0.05235987755982988,344000
1678228113.0386713,0x201,0,1,0,0F65,0.08396414284801822,0.05235987755982988,417000
1678228113.039668,0x201,0,1,0,0F6A,0.08407066929162138,0.07272205216643039,416000
1678228113.040687,0x201,0,1,0,0F6F,0.08417719573522456,0.08435758051305926,416000
1678228113.041636,0x201,0,1,0,0F76,0.084326332756269,0.10471975511965977,345000
1678228113.0427089,0x201,0,1,0,0F7E,0.08449677506603408,0.12508192972626028,401000
1678228113.0438972,0x201,0,1,0,0F8A,0.08475243853068166,0.18035068937274737,277000
1678228113.0446022,0x201,0,1,0,0F92,0.08492288084044675,0.18035068937274737,276000
1678228113.0456712,0x201,0,1,0,0F9E,0.08517854430509436,0.21234839232597674,274000
1678228113.0465777,0x201,0,1,0,0FAA,0.08543420776974196,0.23271056693257727,461000
1678228113.0476034,0x201,0,1,0,0FB7,0.0857111765231102,0.25307274153917775,266000
1678228113.0486555,0x201,0,1,0,0FC5,0.08600945056519908,0.26470826988580665,259000
1678228113.0496082,0x201,0,1,0,0FD2,0.08628641931856731,0.2763437982324355,201000
1678228113.0506136,0x201,0,1,0,0FDF,0.08656338807193556,0.2763437982324355,315000
1678228113.051797,0x201,0,1,0,0FF2,0.08696818855762761,0.296705972839036,301000
1678228113.0525706,0x201,0,1,0,0FFF,0.08724515731099584,0.296705972839036,252000
1678228113.0536695,0x201,0,1,0,100F,0.08758604193052598,0.3170681474456365,244000
1678228113.0545127,0x201,0,1,0,1021,0.08796953712749739,0.34033920413889424,205000
1678228113.0555727,0x201,0,1,0,1039,0.08848086405679262,0.3810635533520953,125000
1678228113.0565445,0x201,0,1,0,1051,0.08899219098608782,0.4246967846519535,170000
1678228113.0575547,0x201,0,1,0,106B,0.08954612849282431,0.4886921905584123,165000
1678228113.058558,0x201,0,1,0,1087,0.09014267657700205,0.5410520681182421,177000
1678228113.0597286,0x201,0,1,0,10AB,0.09090966697094488,0.5963208277647293,210000
1678228113.0605037,0x201,0,1,0,10C2,0.09139968861151945,0.5963208277647293,255000
1678228113.0616884,0x201,0,1,0,10E1,0.09206015256185911,0.6283185307179586,224000
1678228113.062482,0x201,0,1,0,10FF,0.09269931122347813,0.6370451769779303,208000
1678228113.0634727,0x201,0,1,0,111C,0.0933171645963765,0.6370451769779303,212000
1678228113.06456,0x201,0,1,0,1138,0.09391371268055425,0.6166830023713298,212000
1678228113.0654438,0x201,0,1,0,115A,0.0946380924970558,0.6166830023713298,277000
1678228113.0664413,0x201,0,1,0,117E,0.09540508289099864,0.660316233671188,298000
1678228113.0676422,0x201,0,1,0,11AC,0.09638512617214778,0.7766715171374766,210000
1678228113.0684075,0x201,0,1,0,11C7,0.0969603689676049,0.7766715171374766,252000
1678228113.0696716,0x201,0,1,0,11E9,0.09768474878410645,0.7650359887908478,237000
1678228113.0703835,0x201,0,1,0,1208,0.09834521273444612,0.7330382858376184,311000
1678228113.0713704,0x201,0,1,0,1228,0.0990269819735064,0.7010405828843891,335000
1678228113.0723891,0x201,0,1,0,1248,0.09970875121256667,0.6690428799311597,299000
1678228113.0733807,0x201,0,1,0,126A,0.10043313102906823,0.660316233671188,350000
1678228113.0743387,0x201,0,1,0,128F,0.10122142671173168,0.6806784082777885,284000
1678228113.0755363,0x201,0,1,0,12C1,0.10228669114776338,0.8290313946973066,215000
1678228113.0762725,0x201,0,1,0,12DC,0.10286193394322049,0.8290313946973066,279000
1678228113.0774329,0x201,0,1,0,1302,0.10367153491460458,0.8290313946973066,266000
1678228113.0783172,0x201,0,1,0,1325,0.10441722001982677,0.7853981633974483,288000
1678228113.0792704,0x201,0,1,0,1349,0.10518421041376959,0.7650359887908478,196000
1678228113.0802839,0x201,0,1,0,136D,0.10595120080771242,0.7563093425308761,170000
1678228113.081244,0x201,0,1,0,1396,0.1068247176452584,0.7563093425308761,237000
1678228113.082236,0x201,0,1,0,13C5,0.10782606621512819,0.808669220090706,331000
1678228113.0832705,0x201,0,1,0,13F8,0.10891263593988051,0.9250245035569946,345000
1678228113.0841742,0x201,0,1,0,1427,0.10991398450975032,1.009382084070054,147000
1678228113.0852103,0x201,0,1,0,1455,0.11089402779089948,1.0413797870232833,136000
1678228113.0863934,0x201,0,1,0,1488,0.11198059751565181,0.9366600319036235,258000
1678228113.0871365,0x201,0,1,0,14A4,0.11257714559982955,0.9366600319036235,316000
1678228113.0882008,0x201,0,1,0,14CC,0.1134293571486549,0.849393569303907,192000
1678228113.0892136,0x201,0,1,0,14F5,0.1143028739862009,0.808669220090706,165000
1678228113.0901763,0x201,0,1,0,151F,0.11519769611246751,0.8173958663506776,179000
1678228113.0911915,0x201,0,1,0,154B,0.11613512881617541,0.8813912722571363,250000
1678228113.0921772,0x201,0,1,0,1579,0.11711517209732457,0.9046623289503941,272000
1678228113.0932212,0x201,0,1,0,15A5,0.11805260480103247,0.9366600319036235,211000
1678228113.0943663,0x201,0,1,0,15E1,0.1193309221242705,0.9773843811168246,225000
1678228113.0951428,0x201,0,1,0,160F,0.12031096540541968,0.9773843811168246,338000
1678228113.096196,0x201,0,1,0,1648,0.12152536686249579,1.117010721276371,256000
1678228113.0970807,0x201,0,1,0,167C,0.12263324187596875,1.213003830136059,174000
1678228113.0980735,0x201,0,1,0,16B0,0.12374111688944173,1.1926416555294586,188000
1678228113.0993059,0x201,0,1,0,16EE,0.12506204479012104,1.0530153153699122,376000
1678228113.1000445,0x201,0,1,0,1715,0.12589295105022574,1.0530153153699122,283000
1678228113.1013107,0x201,0,1,0,174F,0.12712865779602253,1.0733774899765127,223000
1678228113.102018,0x201,0,1,0,1784,0.12825783809821611,1.1373728958829714,301000
1678228113.1030777,0x201,0,1,0,17BB,0.12942962897785099,1.1693705988362009,333000
1678228113.1040678,0x201,0,1,0,17EB,0.1304522828364414,1.117010721276371,178000
1678228113.1049814,0x201,0,1,0,181B,0.13147493669503182,1.0850130183231415,237000
1678228113.1060069,0x201,0,1,0,1854,0.13268933815210796,1.064650843716541,290000
1678228113.1072152,0x201,0,1,0,189F,0.1342872348061555,1.2333660047426596,289000
1678228113.107977,0x201,0,1,0,18CB,0.1352246675098634,1.2333660047426596,144000
1678228113.1091619,0x201,0,1,0,1904,0.13643906896693953,1.2769992360425177,266000
1678228113.1099885,0x201,0,1,0,193D,0.13765347042401566,1.213003830136059,209000
1678228113.1109793,0x201,0,1,0,1976,0.1388678718810918,1.1693705988362009,170000
1678228113.11207,0x201,0,1,0,19B5,0.14021010507049173,1.1810061271828296,179000
1678228113.1129532,0x201,0,1,0,19F6,0.14159494883733292,1.2769992360425177,263000
1678228113.1139133,0x201,0,1,0,1A2D,0.1427667397169678,1.3526301702956054,210000
1678228113.1151412,0x201,0,1,0,1A72,0.14423680463869154,1.20136830178943,241000
1678228113.1159115,0x201,0,1,0,1A9E,0.14517423734239943,1.20136830178943,339000
1678228113.1170874,0x201,0,1,0,1ADC,0.14649516524307873,1.1810061271828296,204000
1678228113.1178534,0x201,0,1,0,1B14,0.1476882614114342,1.2333660047426596,108000
1678228113.1188436,0x201,0,1,0,1B51,0.14898788402339289,1.2769992360425177,217000
1678228113.1199176,0x201,0,1,0,1B8E,0.15028750663535156,1.2769992360425177,375000
1678228113.120789,0x201,0,1,0,1BD8,0.1518640980006785,1.2973614106491183,213000
1678228113.121851,0x201,0,1,0,1C23,0.153461994654726,1.4486232791552933,299000
1678228113.1230388,0x201,0,1,0,1C75,0.155209028329818,1.4806209821085228,180000
1678228113.123816,0x201,0,1,0,1CA6,0.15625298747712907,1.4806209821085228,169000
1678228113.1248627,0x201,0,1,0,1CE4,0.15757391537780835,1.372992344902206,289000
1678228113.1257873,0x201,0,1,0,1D29,0.15904398029953212,1.3293591136023477,222000
1678228113.1267846,0x201,0,1,0,1D6B,0.16045012935509395,1.372992344902206,141000
1678228113.1277642,0x201,0,1,0,1DA9,0.16177105725577323,1.416625576202064,299000
1678228113.128751,0x201,0,1,0,1DEF,0.16326242746621764,1.4049900478554351,193000
1678228113.1297235,0x201,0,1,0,1E3A,0.16486032412026516,1.4049900478554351,109000
1678228113.1310163,0x201,0,1,0,1E9B,0.16692693712616666,1.6057029118347832,271000
1678228113.131713,0x201,0,1,0,1ECC,0.16797089627347772,1.6057029118347832,151000
1678228113.132774,0x201,0,1,0,1F11,0.16944096119520144,1.5329808596683527,225000
1678228113.133976,0x201,0,1,0,1F73,0.17152887948982357,1.5329808596683527,201000
1678228113.1346807,0x201,0,1,0,1FA6,0.1726154492145759,1.5329808596683527,174000
1678228113.1357543,0x201,0,1,0,1FE8,0.17402159827013775,1.564978562621582,292000
1678228113.1366858,0x201,0,1,0,002F,0.0010013485698697937,1.4369877508086646,281000
1678228113.1376095,0x201,0,1,0,0077,0.0025353293577554344,1.4369877508086646,155000
1678228113.1388783,0x201,0,1,0,00DE,0.004729774095980727,1.6493361431346414,260000
1678228113.1396174,0x201,0,1,0,0117,0.005944175553056859,1.6493361431346414,176000
1678228113.140661,0x201,0,1,0,0161,0.007520766918383768,1.5737052088815537,257000
1678228113.1418405,0x201,0,1,0,01C9,0.009736516945329695,1.6813338460878708,287000
1678228113.1426153,0x201,0,1,0,0208,0.01107875013472963,1.7569647803409583,207000
1678228113.1436567,0x201,0,1,0,0254,0.012697952077497807,1.6609716714812701,321000
1678228113.144626,0x201,0,1,0,029B,0.014210627576662813,1.5446163880149815,112000
1678228113.1456192,0x201,0,1,0,02EB,0.015915050674313525,1.5737052088815537,135000
1678228113.146828,0x201,0,1,0,034A,0.017939053102773748,1.6696983177412419,222000
1678228113.1475887,0x201,0,1,0,0386,0.019217370426011782,1.6493361431346414,153000
1678228113.1487906,0x201,0,1,0,03DA,0.02100701467854503,1.6929693744344996,367000
1678228113.1495261,0x201,0,1,0,042E,0.02279665893107828,1.7889624832941877,110000
1678228113.1505218,0x201,0,1,0,047D,0.024479776740008355,1.76569142660093,293000
1678228113.1515317,0x201,0,1,0,04C7,0.026056368105335265,1.6696983177412419,283000
1678228113.152668,0x201,0,1,0,052E,0.028250812843560555,1.7133315490411,300000
1678228113.1534524,0x201,0,1,0,0571,0.02967826718784303,1.7133315490411,260000
1678228113.1546757,0x201,0,1,0,05D9,0.031894017214788954,1.7976891295541595,167000
1678228113.1554856,0x201,0,1,0,0628,0.033577135023719035,1.873320063807247,327000
1678228113.1567008,0x201,0,1,0,0683,0.03551591629729672,1.9576776443203063,142000
1678228113.157476,0x201,0,1,0,06D7,0.03730556054982997,1.8849555921538759,252000
1678228113.1584504,0x201,0,1,0,072A,0.03907389951364258,1.76569142660093,114000
1678228113.1595275,0x201,0,1,0,0786,0.0410339860759409,1.820960186247417,210000
1678228113.1614828,0x201,0,1,0,0825,0.04442152698252169,1.7016960206944713,224000
1678228113.1645179,0x201,0,1,0,0933,0.05017395493709284,1.969313172666935,303000
1678228113.1663513,0x201,0,1,0,09F4,0.05428587566017519,2.021673050226765,293000
1678228113.1693184,0x201,0,1,0,0B0B,0.06023005121323206,2.033308578573394,146000
1678228113.1723258,0x201,0,1,0,0C23,0.06619553205500955,1.969313172666935,250000
1678228113.1743257,0x201,0,1,0,0CDD,0.07015831575704745,1.9489509980603346,225000
1678228113.177235,0x201,0,1,0,0DFC,0.07627293361986938,2.076941809873252,284000
1678228113.1802928,0x201,0,1,0,0F2C,0.0827497413909421,2.033308578573394,289000
1678228113.1821911,0x201,0,1,0,0FEB,0.08681905153658316,2.065306281526623,219000
1678228113.185441,0x201,0,1,0,1117,0.09321063815277333,2.17293491873294,151000
1678228113.188178,0x201,0,1,0,124E,0.09983658294489048,2.236930324639399,301000
1678228113.1901295,0x201,0,1,0,1326,0.10443852530854741,2.3009257305458575,332000
1678228113.1931694,0x201,0,1,0,145E,0.11108577538938519,2.3009257305458575,203000
1678228113.1950624,0x201,0,1,0,1527,0.1153681384222326,2.17293491873294,200000
1678228113.198032,0x201,0,1,0,166B,0.12227105196771798,2.3096523768058295,244000
1678228113.2012672,0x201,0,1,0,17B6,0.1293231025342478,2.362012254365659,334000
1678228113.2029967,0x201,0,1,0,188D,0.1339037396091841,2.22529479629277,366000
1678228113.2059999,0x201,0,1,0,19E1,0.14114753777419964,2.3940099573188887,290000
1678228113.2090666,0x201,0,1,0,1B28,0.14811436718584692,2.2572924992459993,172000
1678228113.210901,0x201,0,1,0,1C11,0.15307849945775462,2.4696408915719763,228000
1678228113.2138762,0x201,0,1,0,1D66,0.16034360291149075,2.385283311058917,141000
1678228113.2168803,0x201,0,1,0,1ECB,0.1679495909847571,2.5656340004316642,151000
1678228113.2188377,0x201,0,1,0,1FBC,0.17308416556642983,2.5016385945252058,184000
1678228113.2218173,0x201,0,1,0,0121,0.006157228440263198,2.577269528778293,171000
1678228113.2248163,0x201,0,1,0,0291,0.013997574689456477,2.5976317033848937,185000
1678228113.2267745,0x201,0,1,0,0384,0.019174759848570515,2.5539984720850355,152000
1678228113.2297866,0x201,0,1,0,04F4,0.027015106097763794,2.629629406338123,217000
1678228113.23171,0x201,0,1,0,05F2,0.0324266494328048,2.6616271092913526,256000
1678228113.234639,0x201,0,1,0,0773,0.040629185590248855,2.6936248122445816,131000
1678228113.2378829,0x201,0,1,0,08E4,0.04849083712816277,2.5976317033848937,59000
1678228113.2396088,0x201,0,1,0,09F8,0.05437109681505772,2.8536133270107285,261000
1678228113.242654,0x201,0,1,0,0B7F,0.06270146470482557,2.7779823927576413,285000
1678228113.2457457,0x201,0,1,0,0CFF,0.07088269557354901,2.7779823927576413,334000
1678228113.2475286,0x201,0,1,0,0E0D,0.07663512352812016,2.7779823927576413,221000
1678228113.2504787,0x201,0,1,0,0FA4,0.08530637603741816,2.7779823927576413,144000
1678228113.2536871,0x201,0,1,0,112F,0.09372196508206855,2.8216156240574994,146000
1678228113.2553806,0x201,0,1,0,123F,0.09951700361408097,2.9059732045705586,299000
1678228113.258455,0x201,0,1,0,13DF,0.10838000372186468,2.8012534494508987,325000
1678228113.261521,0x201,0,1,0,158D,0.11754127787173724,2.8972465583105866,277000
1678228113.263388,0x201,0,1,0,16A1,0.12342153755863221,2.9816041388236463,132000
1678228113.2663248,0x201,0,1,0,183B,0.13215670593409212,2.949606435870417,257000
1678228113.2693822,0x201,0,1,0,19EF,0.1414458118162885,3.077597247683334,294000
1678228113.2713614,0x201,0,1,0,1B10,0.1476030402565517,3.0019663134302466,172000
1678228113.2742264,0x201,0,1,0,1CBA,0.15667909325154172,3.1503192998497647,166000
1678228113.2772605,0x201,0,1,0,1E78,0.16618125202094447,3.1095949506365637,292000
1678228113.2792237,0x201,0,1,0,1F9D,0.1724237016160902,3.193952531149623,174000
1678228113.2822077,0x201,0,1,0,014F,0.0071372717214123575,3.129957125243164,182000
1678228113.2841237,0x201,0,1,0,027A,0.013507553048881897,3.193952531149623,198000
1678228113.2870903,0x201,0,1,0,043C,0.023094932973167153,3.2055880594962516,173000
1678228113.2901328,0x201,0,1,0,0606,0.032852755207217484,3.182317002802994,331000
1678228113.2920578,0x201,0,1,0,073C,0.03945739471061399,3.30158116835594,103000
1678228113.2949986,0x201,0,1,0,08F9,0.04893824819129608,3.129957125243164,190000
1678228113.2982082,0x201,0,1,0,0ADB,0.05920739735464162,3.4179364518222286,238000
1678228113.299952,0x201,0,1,0,0C11,0.06581203685803813,3.2695834654027105,181000
1678228113.302923,0x201,0,1,0,0DDC,0.0755911643808091,3.182317002802994,326000
1678228113.3060274,0x201,0,1,0,0FC9,0.08609467172008162,3.397574277215628,150000
1678228113.3078635,0x201,0,1,0,10FA,0.09259278477987495,3.3219433429625402,222000
1678228113.3108907,0x201,0,1,0,12F4,0.10337326087251571,3.5255650890285453,211000
1678228113.3139203,0x201,0,1,0,14C9,0.113365441282493,3.4063009234756,125000
1678228113.3157952,0x201,0,1,0,15FF,0.11997008078588951,3.278310111662682,253000
1678228113.3187435,0x201,0,1,0,17F3,0.1306227251462065,3.5982871411949757,173000
1678228113.3217628,0x201,0,1,0,19E9,0.14131798008396468,3.5255650890285453,257000
1678228113.323731,0x201,0,1,0,1B28,0.14811436718584692,3.4935673860753163,115000
1678228113.326785,0x201,0,1,0,1D26,0.1589800644333702,3.609922669541605,240000
1678228113.3296626,0x201,0,1,0,1F24,0.1698457616808935,3.641920372494834,254000
1678228113.3316047,0x201,0,1,0,006C,0.0023009711818284618,3.5255650890285453,95000
1678228113.3346412,0x201,0,1,0,027F,0.013614079492485064,3.685553603794692,194000
1678228113.337702,0x201,0,1,0,047C,0.024458471451287725,3.6622825471014346,190000
1678228113.339532,0x201,0,1,0,05DA,0.03191532250350959,3.6739180754480634,180000
1678228113.342509,0x201,0,1,0,07E5,0.04305798850440112,3.7815467126543805,220000
1678228113.3455105,0x201,0,1,0,09FC,0.05445631796994026,3.790273358914352,334000
1678228113.3475049,0x201,0,1,0,0B65,0.0621475271980891,3.91826417072727,252000
1678228113.3504863,0x201,0,1,0,0D6D,0.07322627733281874,3.7262779530078936,173000
1678228113.3533995,0x201,0,1,0,0F90,0.08488027026300547,3.9066286423806407,153000
1678228113.355366,0x201,0,1,0,10EB,0.09227320544906543,3.7262779530078936,246000
1678228113.3584101,0x201,0,1,0,1317,0.1041189459777379,3.9618974020271276,343000
1678228113.3603396,0x201,0,1,0,1485,0.1119166816494899,3.8542687648208114,252000
1678228113.3633797,0x201,0,1,0,16AB,0.12363459044583854,3.790273358914352,117000
1678228113.3664627,0x201,0,1,0,18D1,0.1353524992421872,3.8542687648208114,142000
1678228113.368248,0x201,0,1,0,1A42,0.14321415078010113,4.014257279586958,147000
1678228113.371214,0x201,0,1,0,1C6F,0.1550811965974942,3.93862634533387,238000
1678228113.3743382,0x201,0,1,0,1EA4,0.16711868472465236,3.9298996990738986,223000
1678228113.3761857,0x201,0,1,0,0015,0.00044741106313331204,4.089888213840045,332000
1678228113.3791587,0x201,0,1,0,0256,0.012740562654939076,4.130612563053246,254000
1678228113.3821828,0x201,0,1,0,0491,0.024905882514421038,4.0258928079335865,263000
1678228113.384088,0x201,0,1,0,0607,0.032874060495938114,4.066617157146788,297000
1678228113.3871198,0x201,0,1,0,083E,0.04495415920053754,4.078252685493417,207000
1678228113.3900294,0x201,0,1,0,0A93,0.05767341656675598,4.281874431559421,257000
1678228113.3919926,0x201,0,1,0,0C18,0.06596117387908257,4.066617157146788,0
1678228113.3952615,0x201,0,1,0,0E71,0.07876565240018354,4.0258928079335865,293000
1678228113.3969543,0x201,0,1,0,0FF0,0.08692557798018634,4.302236606166023,177000
1678228113.4000008,0x201,0,1,0,1255,0.09998571996593492,4.185881322699734,261000
1678228113.4029517,0x201,0,1,0,149A,0.11236409271262321,4.226605671912934,179000
1678228113.404853,0x201,0,1,0,1617,0.12048140771518473,4.217879025652962,333000
1678228113.4078615,0x201,0,1,0,187E,0.1335841602783746,4.322598780772623,302000
1678228113.4110177,0x201,0,1,0,1ADA,0.14645255466563747,4.313872134512651,510000
1678228113.412757,0x201,0,1,0,1C71,0.15512380717493546,4.2062434973063345,251000
1678228113.415805,0x201,0,1,0,1ED9,0.16824786502684594,4.302236606166023,212000
1678228113.418755,0x201,0,1,0,013E,0.006775081813161582,4.354596483725852,179000
1678228113.4217858,0x201,0,1,0,03A3,0.019835223798910166,4.39822971502571,225000
1678228113.4236937,0x201,0,1,0,054B,0.028868666216458942,4.354596483725852,293000
1678228113.426676,0x201,0,1,0,07BF,0.04224838753301704,4.482587295538769,224000
1678228113.4296265,0x201,0,1,0,0A39,0.055755940581898936,4.409865243372339,177000
1678228113.43156,0x201,0,1,0,0BD1,0.06444849837991756,4.601851461091715,104000
1678228113.4346297,0x201,0,1,0,0E5D,0.07833954662577086,4.418591889632311,163000
1678228113.436527,0x201,0,1,0,0FFD,0.08720254673355458,4.622213635698317,290000
1678228113.4395337,0x201,0,1,0,1288,0.10107228969068724,4.537856055185257,227000
1678228113.442662,0x201,0,1,0,1501,0.1145585374508485,4.5785804043984575,105000
1678228113.444503,0x201,0,1,0,16BE,0.12403939093153059,4.4418629463255686,236000
1678228113.4474058,0x201,0,1,0,1934,0.13746172282552996,4.5785804043984575,225000
1678228113.4505901,0x201,0,1,0,1BBD,0.15128885520522137,4.5785804043984575,163000
1678228113.4523695,0x201,0,1,0,1D77,0.16070579281974154,4.642575810304916,80000
1678228113.4553814,0x201,0,1,0,0011,0.0003621899082507764,4.726933390817976,291000
1678228113.4584444,0x201,0,1,0,02A9,0.014508901618751688,4.782202150464463,166000
1678228113.4603064,0x201,0,1,0,0463,0.023925839233271875,4.610578107351687,240000
1678228113.4632823,0x201,0,1,0,0702,0.03822168796481722,4.802564325071063,179000
1678228113.4662585,0x201,0,1,0,098F,0.052134041499391166,4.642575810304916,148000
1678228113.4682395,0x201,0,1,0,0B69,0.06223274835297163,4.918919608537352,178000
1678228113.4712226,0x201,0,1,0,0DF7,0.07616640717626622,4.665846866998174,170000
1678228113.4741747,0x201,0,1,0,109C,0.09059008764013537,4.822926499677664,157000
1678228113.4761777,0x201,0,1,0,1278,0.1007314050711571,4.718206744558004,249000
1678228113.4794097,0x201,0,1,0,151F,0.11519769611246751,4.878195259324151,126000
1678228113.4811122,0x201,0,1,0,16E8,0.12493421305779721,4.738568919164605,294000
1678228113.484017,0x201,0,1,0,197F,0.1390596194795775,4.846197556370922,164000
1678228113.4870589,0x201,0,1,0,1C3F,0.15405854273890376,4.814199853417692,303000
1678228113.4889817,0x201,0,1,0,1E01,0.16364592266318903,4.930555136883981,173000
1678228113.4919465,0x201,0,1,0,00BF,0.004069310145641076,4.950917311490581,222000
1678228113.4951448,0x201,0,1,0,037C,0.019004317538805444,4.918919608537352,285000
1678228113.496882,0x201,0,1,0,0544,0.0287195291954145,4.918919608537352,254000
1678228113.4998918,0x201,0,1,0,080B,0.04386758947578521,5.038183774090298,217000
1678228113.503018,0x201,0,1,0,0AD6,0.05910087091103845,5.04691042035027,193000
1678228113.5048494,0x201,0,1,0,0CB0,0.06919957776461892,4.982915014443811,153000
1678228113.5078268,0x201,0,1,0,0F6D,0.0841345851577833,5.102179179996757,190000
1678228113.5109665,0x201,0,1,0,123A,0.0994104771704778,4.94219066523061,232000
1678228113.5127254,0x201,0,1,0,1417,0.10957309989022018,5.154539057556586,170000
1678228113.5157633,0x201,0,1,0,16F0,0.1251046553675623,5.026548245743669,215000
1678228113.5187469,0x201,0,1,0,19B8,0.14027402093665364,5.110905826256729,129000
1678228113.5206933,0x201,0,1,0,1B99,0.15052186481127855,5.090543651650128,251000
1678228113.523628,0x201,0,1,0,1E74,0.16609603086606192,5.206898935116417,181000
1678228113.5266452,0x201,0,1,0,0157,0.00730771403117743,5.154539057556586,256000
1678228113.5287044,0x201,0,1,0,035B,0.018301243011024523,5.270894341022875,211000
1678228113.5316906,0x201,0,1,0,0621,0.0334279980026746,5.198172288856445,312000
1678228113.5346887,0x201,0,1,0,0908,0.049257827522105585,5.186536760509815,281000
1678228113.5365028,0x201,0,1,0,0B01,0.06001699832602571,5.294165397716133,210000
1678228113.5397096,0x201,0,1,0,0DD7,0.07548463793720592,5.142903529209958,281000
1678228113.5414655,0x201,0,1,0,0FDE,0.08654208278321492,5.358160803622591,172000
1678228113.5444381,0x201,0,1,0,12D2,0.10264888105601416,5.238896638069646,172000
1678228113.547541,0x201,0,1,0,15BB,0.11852132115288641,5.3028920439761045,213000
1678228113.5493364,0x201,0,1,0,17BA,0.12940832368913033,5.294165397716133,253000
1678228113.5523815,0x201,0,1,0,1AAD,0.14549381667320893,5.314527572322733,298000
1678228113.5554178,0x201,0,1,0,1D94,0.16132364619263992,5.390158506575821,148000
1678228113.5573332,0x201,0,1,0,1FAA,0.17270067036945844,5.410520681182422,235000
1678228113.5603118,0x201,0,1,0,02B0,0.014658038639796126,5.430882855789022,102000
1678228113.5633113,0x201,0,1,0,059E,0.030637005180271557,5.390158506575821,238000
1678228113.565207,0x201,0,1,0,07B3,0.04199272406836943,5.5472381392553105,194000
1678228113.56822,0x201,0,1,0,0AB9,0.058483017538140065,5.442518384135651,243000
1678228113.5711565,0x201,0,1,0,0DB6,0.074781563409425,5.462880558742252,188000
1678228113.5731077,0x201,0,1,0,0FC8,0.08607336643136097,5.5472381392553105,150000
1678228113.576135,0x201,0,1,0,12DD,0.10288323923194113,5.462880558742252,196000
1678228113.578119,0x201,0,1,0,14F3,0.11426026340875962,5.590871370555169,102000
1678228113.581017,0x201,0,1,0,17F6,0.13068664101236838,5.526875964648711,235000
1678228113.5842247,0x201,0,1,0,1B03,0.14732607150318344,5.57923584220854,173000
1678228113.5859485,0x201,0,1,0,1D14,0.15859656923639878,5.602506898901797,200000
1678228113.5889552,0x201,0,1,0,0038,0.0011930961683554986,5.675228951068228,174000
1678228113.5920882,0x201,0,1,0,0365,0.018514295898230865,5.7188621823680865,212000
1678228113.5938818,0x201,0,1,0,0571,0.02967826718784303,5.622869073508398,279000
1678228113.5969257,0x201,0,1,0,089E,0.0469994669177184,5.570509195948568,254000
1678228113.5999537,0x201,0,1,0,0BBC,0.06400108731678425,5.899212871740834,104000
1678228113.6017873,0x201,0,1,0,0DD1,0.07535680620488212,5.675228951068228,182000
1678228113.6047976,0x201,0,1,0,110B,0.09295497468812573,5.803219762881145,210000
1678228113.6078084,0x201,0,1,0,143B,0.11034009028416299,5.890486225480862,138000
1678228113.6097577,0x201,0,1,0,1654,0.12178103032714341,5.803219762881145,250000
1678228113.6127727,0x201,0,1,0,199B,0.13965616756375523,5.762495413667945,106000
1678228113.6157203,0x201,0,1,0,1CC8,0.15697736729363063,5.771222059927916,234000
1678228113.6177037,0x201,0,1,0,1EFA,0.16895093955462687,5.826490819574403,224000
1678228113.620652,0x201,0,1,0,022D,0.011867045817393085,5.878850697134234,149000
1678228113.6236138,0x201,0,1,0,0562,0.02935868785703352,5.858488522527632,261000
1678228113.625565,0x201,0,1,0,0794,0.041332260118029776,6.0184770372937795,181000
1678228113.6287692,0x201,0,1,0,0AEB,0.05954828197417176,6.082472443200238,220000
1678228113.6305299,0x201,0,1,0,0CFE,0.07086139028482837,5.835217465834375,187000
1678228113.6336052,0x201,0,1,0,1049,0.08882174867632275,5.942846103040692,107000
1678228113.6366463,0x201,0,1,0,138A,0.10656905418061079,5.954481631387321,249000
1678228113.6384692,0x201,0,1,0,15BE,0.1185852370190483,5.794493116621173,213000
1678228113.6414526,0x201,0,1,0,1904,0.13643906896693953,5.98647933434055,149000
1678228113.6445072,0x201,0,1,0,1C5D,0.15469770140052277,6.006841508947151,339000
1678228113.646367,0x201,0,1,0,1E90,0.16669257895023967,6.07083691485361,177000
1678228113.649377,0x201,0,1,0,01EC,0.010482202050551882,6.027203683553751,208000
1678228113.652367,0x201,0,1,0,052A,0.028165591688678025,5.974843805993921,178000
1678228113.6542401,0x201,0,1,0,0762,0.040266995681998076,6.134832320760069,109000
1678228113.6572871,0x201,0,1,0,0AC3,0.058696070425346414,6.134832320760069,251000
1678228113.6602776,0x201,0,1,0,0E11,0.07672034468300269,5.9632082776472926,155000
1678228113.6622424,0x201,0,1,0,105D,0.08924785445073542,6.0911990894602095,39000
1678228113.6652572,0x201,0,1,0,13AE,0.10733604457455362,6.0911990894602095,274000
1678228113.6672447,0x201,0,1,0,1605,0.12009791251821333,5.942846103040692,299000
1678228113.6701078,0x201,0,1,0,194D,0.1379943550435458,6.114470146153467,157000
1678228113.6731267,0x201,0,1,0,1CB1,0.15648734565305603,6.114470146153467,237000
1678228113.6750462,0x201,0,1,0,1EF4,0.16882310782230306,6.155194495366668,237000
1678228113.6780822,0x201,0,1,0,026F,0.013273194872954924,6.187192198319898,156000
1678228113.6810622,0x201,0,1,0,05D0,0.03170226961630325,6.155194495366668,227000
1678228113.6840875,0x201,0,1,0,0936,0.050237870803254744,6.07083691485361,175000
1678228113.6859784,0x201,0,1,0,0B88,0.0628932123033113,6.390813944385903,225000
1678228113.6889482,0x201,0,1,0,0EF8,0.08164186637746912,6.303547481786187,238000
1678228113.6919618,0x201,0,1,0,125E,0.10017746756442063,6.178465552059926,185000
1678228113.6938481,0x201,0,1,0,14A5,0.1125984508885502,6.358816241432674,82000
1678228113.6969414,0x201,0,1,0,181C,0.13149624198375245,6.315183010132816,238000
1678228113.69984,0x201,0,1,0,1B86,0.1501170643255865,6.219189901273127,241000
1678228113.7018206,0x201,0,1,0,1DE4,0.16302806929029065,6.294820835526215,88000
1678228113.705011,0x201,0,1,0,0164,0.00758468278454567,6.315183010132816,232000
1678228113.7067187,0x201,0,1,0,03A8,0.019941750242513337,6.303547481786187,226000
1678228113.7097208,0x201,0,1,0,0739,0.03939347884445209,6.399540590645875,37000
1678228113.7127,0x201,0,1,0,0ABC,0.058546933404301976,6.347180713086045,211000
1678228113.7146854,0x201,0,1,0,0D07,0.07105313788331408,6.335545184739416,281000
1678228113.7176206,0x201,0,1,0,1089,0.09018528715444332,6.390813944385903,125000
1678228113.7207603,0x201,0,1,0,1420,0.10976484748870588,6.358816241432674,161000
1678228113.722551,0x201,0,1,0,166E,0.1223349678338799,6.315183010132816,243000
1678228113.7255495,0x201,0,1,0,19F6,0.14159494883733292,6.422811647339133,179000
1678228113.7286084,0x201,0,1,0,1D92,0.16128103561519866,6.431538293599105,125000
1678228113.730457,0x201,0,1,0,1FEC,0.17410681942502026,6.527531402458792,155000
1678228113.7334738,0x201,0,1,0,0388,0.01925998100345305,6.550802459152051,223000
1678228113.736467,0x201,0,1,0,0724,0.03894606778131878,6.60316233671188,97000
1678228113.7383575,0x201,0,1,0,0973,0.051537493415213416,6.390813944385903,156000
1678228113.7414863,0x201,0,1,0,0D1B,0.07147924365772676,6.5071692278521915,495000
1678228113.7444265,0x201,0,1,0,10CF,0.09167665736488768,6.550802459152051,180000
1678228113.7463338,0x201,0,1,0,133B,0.10488593637168071,6.667157742618339,332000
1678228113.749515,0x201,0,1,0,16DD,0.12469985488187024,6.614797865058509,151000
1678228113.7512999,0x201,0,1,0,1946,0.13784521802250135,6.699155445571567,84000
1678228113.754267,0x201,0,1,0,1CE9,0.15768044182141153,6.646795568011738,231000
1678228113.7574086,0x201,0,1,0,0078,0.0025566346464760683,6.635160039665109,156000
1678228113.7591987,0x201,0,1,0,0305,0.01646898818105001,6.623524511318481,143000
1678228113.762136,0x201,0,1,0,06AC,0.03638943313484271,6.710790973918197,150000
1678228113.7652905,0x201,0,1,0,0A58,0.05641640453223858,6.6875199172249395,237000
1678228113.7671032,0x201,0,1,0,0CD4,0.06996656815856174,6.806784082777885,179000
1678228113.7701204,0x201,0,1,0,108A,0.09020659244316395,6.731153148524797,109000
1678228113.7731578,0x201,0,1,0,1439,0.11029747970672173,6.6787932709649676,199000
1678228113.775004,0x201,0,1,0,16B2,0.12378372746688299,6.635160039665109,167000
1678228113.7780895,0x201,0,1,0,1A80,0.14453507868078042,6.783513026084628,226000
1678228113.7810118,0x201,0,1,0,1E27,0.1644555236345731,6.7515153231313985,106000
1678228113.7829068,0x201,0,1,0,00A9,0.0036005937937871302,6.774786379824656,182000
1678228113.7862327,0x201,0,1,0,04AA,0.02543851473243688,6.731153148524797,112000
1678228113.7879224,0x201,0,1,0,06F8,0.03800863507761089,6.891141663290944,126000
1678228113.7908459,0x201,0,1,0,0AAE,0.058248659362213094,6.8155107290378565,284000
1678228113.7938962,0x201,0,1,0,0E74,0.07882956826634545,6.65552221427171,221000
1678228113.7958121,0x201,0,1,0,10F7,0.09252886891371305,6.827146257384485,206000
1678228113.7987845,0x201,0,1,0,14C3,0.1132376095501692,6.923139366244174,93000
1678228113.8019307,0x201,0,1,0,1882,0.13366938143325713,6.902777191637573,200000
1678228113.8037484,0x201,0,1,0,1B12,0.14764565083399298,6.795148554431256,171000
1678228113.8067243,0x201,0,1,0,1EDA,0.1682691703155666,6.943501540850774,213000
1678228113.809818,0x201,0,1,0,02B1,0.01467934392851676,6.955137069197403,42000
1678228113.8116162,0x201,0,1,0,052B,0.028186896977398655,6.891141663290944,178000
1678228113.8146183,0x201,0,1,0,08F9,0.04893824819129608,6.838781785731115,95000
1678228113.8176825,0x201,0,1,0,0CDF,0.07020092633448871,7.071492352663692,184000
1678228113.819585,0x201,0,1,0,0F7B,0.08443285919987216,7.039494649710463,164000
1678228113.822558,0x201,0,1,0,1355,0.10543987387841719,6.975499243804004,288000
1678228113.825553,0x201,0,1,0,1724,0.12621253038103525,6.9871347721506325,157000
1678228113.8274908,0x201,0,1,0,19B2,0.14014618920432984,7.071492352663692,126000
1678228113.830471,0x201,0,1,0,1D7F,0.16087623512950663,6.923139366244174,108000
1678228113.83246,0x201,0,1,0,0028,0.0008522115488253562,6.998770300497261,86000
1678228113.835429,0x201,0,1,0,0407,0.021965752670973556,7.071492352663692,169000
1678228113.8386424,0x201,0,1,0,07EF,0.04327104139160746,7.08312788101032,206000
1678228113.8403237,0x201,0,1,0,0A7A,0.057140784348740134,6.998770300497261,235000
1678228113.8432941,0x201,0,1,0,0E5D,0.07833954662577086,6.934774894590802,181000
1678228113.846461,0x201,0,1,0,1254,0.09996441467721429,6.879506134944315,147000
1678228113.84826,0x201,0,1,0,14E5,0.11396198936667076,7.123852230223521,100000
1678228113.8512022,0x201,0,1,0,18BE,0.13494769875649515,7.091854527270292,140000
1678228113.8543503,0x201,0,1,0,1CC1,0.1568282302725862,7.0598568243170625,307000
1678228113.856163,0x201,0,1,0,1F53,0.17084711025076327,7.251843042036439,232000
1678228113.8591692,0x201,0,1,0,034E,0.01802427425765628,7.123852230223521,209000
1678228113.8622077,0x201,0,1,0,0737,0.03935086826701082,7.243116395776467,39000
1678228113.8641036,0x201,0,1,0,09E2,0.05390238046320378,7.103490055616922,222000
1678228113.8671148,0x201,0,1,0,0DCE,0.07529289033872022,7.103490055616922,140000
1678228113.8700418,0x201,0,1,0,11C4,0.096896453101443,7.211118692823238,184000
1678228113.8719716,0x201,0,1,0,1468,0.11129882827659153,7.199483164476609,48000
1678228113.875291,0x201,0,1,0,18A4,0.13439376124975866,7.243116395776467,175000
1678228113.8779361,0x201,0,1,0,1C68,0.15493205957644976,7.155849933176751,276000
1678228113.8799436,0x201,0,1,0,1F1D,0.16969662465984905,7.283840744989668,226000
1678228113.8829005,0x201,0,1,0,0312,0.01674595693441825,7.307111801682926,192000
1678228113.8849068,0x201,0,1,0,05D5,0.03180879605990642,7.199483164476609,237000
1678228113.8878446,0x201,0,1,0,09D1,0.053540190554953,7.263478570383068,154000
1678228113.8910592,0x201,0,1,0,0DD2,0.07537811149360275,7.243116395776467,139000
1678228113.892779,0x201,0,1,0,1082,0.09003615013339888,7.315838447942897,108000
1678228113.8958964,0x201,0,1,0,14A5,0.1125984508885502,7.315838447942897,150000
1678228113.8988428,0x201,0,1,0,189D,0.13424462422871422,7.391469382195986,169000
1678228113.9018526,0x201,0,1,0,1CC7,0.15695606200490997,7.2954762733362974,213000
1678228113.9048853,0x201,0,1,0,00DB,0.004665858229818826,7.411831556802586,249000
1678228113.9077501,0x201,0,1,0,04DC,0.026503779168468578,7.359471679242756,165000
1678228113.9107077,0x201,0,1,0,08F1,0.048767805881531005,7.455464788102445,221000
1678228113.9137685,0x201,0,1,0,0D1A,0.07145793836900612,7.563093425308761,213000
1678228113.9167173,0x201,0,1,0,1141,0.09410546027903996,7.443829259755815,291000
1678228113.9196324,0x201,0,1,0,1557,0.11639079228082301,7.571820071568733,108000
1678228113.9225693,0x201,0,1,0,1966,0.13852698726156165,7.467100316449073,98000
1678228113.925658,0x201,0,1,0,1DA1,0.1616006149460082,7.551457896962132,44000
1678228113.9285817,0x201,0,1,0,01BD,0.009480853480682087,7.571820071568733,167000
1678228113.9304953,0x201,0,1,0,0480,0.02454369260617026,7.563093425308761,118000
1678228113.9334905,0x201,0,1,0,08AC,0.04729774095980727,7.635815477475191,113000
1678228113.9364524,0x201,0,1,0,0CE0,0.07022223162320934,7.65908653416845,256000
1678228113.9394488,0x201,0,1,0,1116,0.0931893328640527,7.571820071568733,151000
1678228113.9423828,0x201,0,1,0,1538,0.11573032833048338,7.61545330286859,181000
1678228113.94538,0x201,0,1,0,196F,0.13871873486004735,7.551457896962132,39000
1678228113.9483373,0x201,0,1,0,1D9F,0.1615580043685669,7.65908653416845,120000
1678228113.9513361,0x201,0,1,0,01E5,0.010333065029507444,7.66781318042842,148000
1678228113.9543345,0x201,0,1,0,0623,0.033470608580115864,7.571820071568733,287000
1678228113.9572272,0x201,0,1,0,0A44,0.05599029875782591,7.6038177745219615,234000
1678228113.9601874,0x201,0,1,0,0E81,0.0791065370197137,7.571820071568733,192000
1678228113.9631853,0x201,0,1,0,12C3,0.10232930172520466,7.507824665662274,172000
1678228113.9661522,0x201,0,1,0,16F8,0.12527509767732736,7.551457896962132,110000
1678228113.9691522,0x201,0,1,0,1B3A,0.1484978623828183,7.731808586334879,221000
1678228113.9720805,0x201,0,1,0,1F73,0.17152887948982357,7.723081940074908,222000
1678228113.9750376,0x201,0,1,0,03AE,0.02006958197483714,7.723081940074908,226000
1678228113.9779716,0x201,0,1,0,07EC,0.04320712552544556,7.827801695194568,209000
1678228113.9809997,0x201,0,1,0,0C4A,0.06702643831511428,7.795803992241338,123000
1678228113.9839685,0x201,0,1,0,1081,0.09001484484467825,7.743444114681508,108000
1678228113.987019,0x201,0,1,0,14DE,0.11381285234562633,7.787077345981367,89000
1678228113.9899962,0x201,0,1,0,1921,0.1370569223398379,7.763806289288109,144000
1678228113.9928954,0x201,0,1,0,1D5B,0.1601092447355638,7.787077345981367,142000
1678228113.9958432,0x201,0,1,0,01B7,0.009353021748358285,7.795803992241338,164000
1678228113.9988918,0x201,0,1,0,0603,0.03278883934105558,7.7754418176347375,229000
1678228114.0007539,0x201,0,1,0,08DB,0.04829908952967706,7.891797101101027,104000
1678228114.0037568,0x201,0,1,0,0D3C,0.07218231818550767,7.944156978660857,239000
1678228114.0066838,0x201,0,1,0,117D,0.095383777602278,7.816166166847939,116000
1678228114.0096893,0x201,0,1,0,15DC,0.11922439568066734,7.955792507007485,224000
1678228114.0126166,0x201,0,1,0,1A31,0.14285196087185034,7.9034326294476545,209000
1678228114.0156586,0x201,0,1,0,1E9F,0.1670121582810492,7.807439520587967,129000
1678228114.018618,0x201,0,1,0,02EA,0.015893745385592892,7.912159275707627,110000
1678228114.0215597,0x201,0,1,0,0749,0.03973436346398223,7.891797101101027,39000
1678228114.0235047,0x201,0,1,0,0A32,0.05560680356085449,7.859799398147797,280000
1678228114.026474,0x201,0,1,0,0E96,0.079553948082847,7.848163869801168,294000
1678228114.029435,0x201,0,1,0,12F4,0.10337326087251571,7.827801695194568,139000
1678228114.032436,0x201,0,1,0,175D,0.12742693183811138,7.807439520587967,194000
1678228114.0354502,0x201,0,1,0,1BB3,0.151075802318015,7.999425738307343,168000
1678228114.0383518,0x201,0,1,0,0014,0.0004261057744126781,8.083783318820403,110000
1678228114.0414572,0x201,0,1,0,0497,0.02503371424674484,7.987790209960714,259000
1678228114.0435052,0x201,0,1,0,07D3,0.04267449330742971,8.09541884716703,172000
1678228114.0462918,0x201,0,1,0,0BF6,0.06523679406258102,8.031423441260571,108000
1678228114.049292,0x201,0,1,0,1069,0.08950351791538304,8.083783318820403,39000
1678228114.052226,0x201,0,1,0,14D4,0.11359979945841998,8.09541884716703,95000
1678228114.0552278,0x201,0,1,0,194C,0.13797304975482516,8.072147790473775,156000
1678228114.0581856,0x201,0,1,0,1DBB,0.16215455245274465,8.09541884716703,143000
1678228114.0611854,0x201,0,1,0,022B,0.011824435239951818,8.115781021773632,76000
1678228114.0631824,0x201,0,1,0,0545,0.028740834484135138,8.051785615867173,153000
1678228114.0660775,0x201,0,1,0,09A0,0.052496231407641945,8.115781021773632,156000
1678228114.0690386,0x201,0,1,0,0E1A,0.07691209228148839,8.232136305239921,152000
1678228114.07204,0x201,0,1,0,12A9,0.10177536421846817,8.12741655012026,152000
1678228114.0749772,0x201,0,1,0,1713,0.12585034047278448,8.12741655012026,87000
1678228114.0779033,0x201,0,1,0,1B79,0.14984009557221825,8.20013860228669,140000
1678228114.0809395,0x201,0,1,0,001A,0.0005539375067364816,8.136143196380234,111000
1678228114.083978,0x201,0,1,0,048E,0.024841966648259134,8.15941425307349,147000
1678228114.0871387,0x201,0,1,0,0926,0.0498969861837246,8.14777872472686,113000
1678228114.0887964,0x201,0,1,0,0C16,0.06591856330164131,8.20013860228669,154000
1678228114.0918264,0x201,0,1,0,10AF,0.0909948881258274,8.20013860228669,79000
1678228114.094756,0x201,0,1,0,152C,0.11547466486583577,8.29613171114638,110000
1678228114.0977595,0x201,0,1,0,19BF,0.14042315795769808,8.29613171114638,110000
1678228114.1007788,0x201,0,1,0,1E44,0.1650733770074715,8.21177413063332,109000
1678228114.103723,0x201,0,1,0,02E3,0.015744608364548454,8.25540736193318,110000
1678228114.106724,0x201,0,1,0,0774,0.04065049087896949,8.351400470792868,60000
1678228114.1086154,0x201,0,1,0,0A6D,0.05686381559537189,8.24377183358655,237000
1678228114.1115453,0x201,0,1,0,0EF4,0.0815566452225866,8.29613171114638,167000
1678228114.114582,0x201,0,1,0,1394,0.10678210706781714,8.29613171114638,236000
1678228114.1175117,0x201,0,1,0,1819,0.13143232611759056,8.275769536539778,236000
1678228114.1205099,0x201,0,1,0,1CC4,0.15689214613874808,8.328129414099608,235000
1678228114.1235194,0x201,0,1,0,014A,0.007030745277809188,8.371762645399468,221000
1678228114.1265244,0x201,0,1,0,05DD,0.031979238369671495,8.26413400819315,236000
1678228114.1294546,0x201,0,1,0,0A7A,0.057140784348740134,8.307767239493009,235000
1678228114.1313994,0x201,0,1,0,0D8E,0.07392935186059965,8.287405064886409,72000
1678228114.1344016,0x201,0,1,0,1238,0.09936786659303654,8.22340965897995,127000
1678228114.1373296,0x201,0,1,0,16C6,0.12420983324129568,8.232136305239921,173000
1678228114.1402936,0x201,0,1,0,1B59,0.14915832633315798,8.24377183358655,99000
1678228114.1432972,0x201,0,1,0,000B,0.00023435817592697294,8.392124820006067,113000
1678228114.1462603,0x201,0,1,0,04A9,0.025417209443716247,8.383398173746096,112000
1678228114.149252,0x201,0,1,0,0937,0.05025917609197538,8.360127117052839,143000
1678228114.152515,0x201,0,1,0,0E03,0.07642207064091382,8.307767239493009,154000
1678228114.1541836,0x201,0,1,0,110F,0.09304019584300827,8.415395876699327,203000
1678228114.157115,0x201,0,1,0,15A2,0.11798868893487056,8.467755754259155,203000
1678228114.1601133,0x201,0,1,0,1A5B,0.14374678299811697,8.499753457212384,219000
1678228114.1630518,0x201,0,1,0,1EEF,0.16871658137869988,8.511388985559014,223000
1678228114.166019,0x201,0,1,0,0392,0.01947303389065939,8.435758051305925,224000
1678228114.1691365,0x201,0,1,0,0852,0.045380264974950214,8.499753457212384,256000
1678228114.1720378,0x201,0,1,0,0D02,0.0709466114397109,8.584111037725444,155000
1678228114.1739757,0x201,0,1,0,1020,0.08794823183877676,8.479391282605786,83000
1678228114.1769047,0x201,0,1,0,14C4,0.11325891483888983,8.563748863118843,141000
1678228114.1798692,0x201,0,1,0,196A,0.13861220841644417,8.520115631818985,28000
1678228114.1828644,0x201,0,1,0,1E25,0.16441291305713185,8.403760348352696,39000
1678228114.1858327,0x201,0,1,0,02DF,0.01565938720966592,8.543386688512244,110000
1678228114.188816,0x201,0,1,0,078A,0.041119207230823435,8.616108740678673,110000
1678228114.1918895,0x201,0,1,0,0C7B,0.06807039746242532,8.636470915285274,203000
1678228114.194763,0x201,0,1,0,10FE,0.09267800593475749,8.552113334772214,193000
1678228114.1978476,0x201,0,1,0,15CF,0.11894742692729908,8.636470915285274,221000
1678228114.2007937,0x201,0,1,0,1A83,0.1445989945469423,8.680104146585132,254000
1678228114.2026782,0x201,0,1,0,1DA5,0.1616858361008907,8.595746566072073,70000
1678228114.2056386,0x201,0,1,0,026B,0.013187973718072388,8.668468618238503,84000
1678228114.2086043,0x201,0,1,0,072A,0.03907389951364258,8.680104146585132,31000
1678228114.2115676,0x201,0,1,0,0BE7,0.06491721473177152,8.636470915285274,65516000
1678228114.2145662,0x201,0,1,0,10B1,0.09103749870326867,8.543386688512244,151000
1678228114.217534,0x201,0,1,0,1578,0.11709386680860395,8.712101849538362,127000
1678228114.2204907,0x201,0,1,0,1A33,0.1428945714492916,8.74409955249159,208000
1678228114.2234852,0x201,0,1,0,1F11,0.16944096119520144,8.700466321191733,154000
1678228114.2264206,0x201,0,1,0,03C5,0.020559603615411717,8.659741971978532,224000
1678228114.2293808,0x201,0,1,0,0888,0.04653075056586445,8.700466321191733,164000
1678228114.232353,0x201,0,1,0,0D58,0.07277886626968542,8.764461727098192,44000
1678228114.2353752,0x201,0,1,0,1243,0.09960222476896351,8.680104146585132,118000
1678228114.2383018,0x201,0,1,0,1702,0.1254881505645337,8.595746566072073,85000
1678228114.241268,0x201,0,1,0,1BC4,0.15143799222626578,8.595746566072073,163000
1678228114.2442303,0x201,0,1,0,00AA,0.003621899082507764,8.700466321191733,110000
1678228114.247206,0x201,0,1,0,056C,0.029571740744239863,8.700466321191733,203000
1678228114.2501924,0x201,0,1,0,0A61,0.05660815213072428,8.75573508083822,237000
1678228114.2531543,0x201,0,1,0,0F28,0.08266452023605955,8.787732783791448,272000
1678228114.2561533,0x201,0,1,0,13FF,0.10906177296092495,8.787732783791448,190000
1678228114.2590845,0x201,0,1,0,18CA,0.13520336222114276,8.732464024144962,204000
1678228114.2620971,0x201,0,1,0,1D9D,0.16151539379112564,8.776097255444821,46000
1678228114.2650478,0x201,0,1,0,028B,0.013869742957132673,8.883725892651137,150000
1678228114.2680595,0x201,0,1,0,0769,0.04041613270304252,8.872090364304508,38000
1678228114.2709908,0x201,0,1,0,0C44,0.06689860658279047,8.819730486744678,120000
1678228114.2740326,0x201,0,1,0,1128,0.09357282806102411,8.74409955249159,213000
1678228114.2769847,0x201,0,1,0,15F0,0.11965050145508001,8.904088067257737,203000
1678228114.2799437,0x201,0,1,0,1AD5,0.1463460282220343,8.936085770210967,215000
1678228114.2829103,0x201,0,1,0,1FD9,0.17370201893932824,8.936085770210967,190000
1678228114.284855,0x201,0,1,0,0319,0.016895093955462688,8.904088067257737,116000
1678228114.2878332,0x201,0,1,0,0700,0.038179077387375956,8.936085770210967,277000
1678228114.290779,0x201,0,1,0,0CE1,0.07024353691192999,8.988445647770797,152000
1678228114.2937217,0x201,0,1,0,11AF,0.09644904203830969,8.915723595604366,165000
1678228114.2966866,0x201,0,1,0,16AA,0.12361328515711792,8.84009266135128,149000
1678228114.2996447,0x201,0,1,0,1B89,0.1501809801917484,8.883725892651137,65000
1678228114.302645,0x201,0,1,0,0086,0.002854908688564943,9.011716704464055,157000
1678228114.3055778,0x201,0,1,0,0564,0.029401298434474792,8.904088067257737,156000
1678228114.308549,0x201,0,1,0,0A55,0.056352488666076686,8.904088067257737,175000
1678228114.3115776,0x201,0,1,0,0F53,0.08358064765104681,8.968083473164196,134000
1678228114.3145072,0x201,0,1,0,142A,0.10997790037591221,8.956447944817569,151000
1678228114.3164713,0x201,0,1,0,178A,0.12838566983053992,8.86045483595788,111000
1678228114.3193994,0x201,0,1,0,1C66,0.1548894489990085,8.79645943005142,217000
1678228114.3223977,0x201,0,1,0,0173,0.007904262115355179,8.947721298557596,241000
1678228114.3253589,0x201,0,1,0,0659,0.0346210941710301,8.968083473164196,163000
1678228114.3282967,0x201,0,1,0,0B46,0.061487063247749454,8.968083473164196,75000
1678228114.331432,0x201,0,1,0,104A,0.08884305396504338,9.011716704464055,98000
1678228114.334346,0x201,0,1,0,1535,0.11566641246432147,9.084438756630485,109000
1678228114.3362567,0x201,0,1,0,1890,0.133967655475346,9.139707516276971,242000
1678228114.3392532,0x201,0,1,0,1D95,0.16134495148136058,9.043714407417283,26000
1678228114.3421814,0x201,0,1,0,0285,0.013741911224808868,9.075712110370514,78000
1678228114.3451107,0x201,0,1,0,0773,0.040629185590248855,9.107709813323742,59000
1678228114.348149,0x201,0,1,0,0C8E,0.06847519794811736,9.032078879070655,212000
1678228114.3511317,0x201,0,1,0,116D,0.09504289298274786,8.956447944817569,118000
1678228114.3541691,0x201,0,1,0,168D,0.12299543178421952,9.116436459583715,106000
1678228114.3570926,0x201,0,1,0,1B85,0.15009575903686587,9.096074284977114,140000
1678228114.3590372,0x201,0,1,0,1EE6,0.1685248337802142,8.988445647770797,217000
1678228114.3619692,0x201,0,1,0,03D2,0.02083657236877996,9.084438756630485,149000
1678228114.3649654,0x201,0,1,0,08D0,0.048064731353750084,9.180431865490174,91000
1678228114.3679683,0x201,0,1,0,0DF5,0.07612379659882494,9.171705219230201,87000
1678228114.3708997,0x201,0,1,0,12F9,0.10347978731611888,9.107709813323742,141000
1678228114.373839,0x201,0,1,0,17EB,0.1304522828364414,9.011716704464055,231000
1678228114.3768542,0x201,0,1,0,1C05,0.152822835993107,9.011716704464055,284000
1678228114.380051,0x201,0,1,0,0201,0.010929613113685194,9.148434162536944,117000
1678228114.3817868,0x201,0,1,0,0564,0.029401298434474792,9.160069690883573,166000
1678228114.384719,0x201,0,1,0,0A62,0.05662945741944492,9.084438756630485,247000
1678228114.3877192,0x201,0,1,0,0F7A,0.08441155391115153,9.148434162536944,90000
1678228114.3906827,0x201,0,1,0,1481,0.11183146049460738,9.148434162536944,42000
1678228114.3936625,0x201,0,1,0,1974,0.13882526130365053,9.075712110370514,65510000
1678228114.3965828,0x201,0,1,0,1E80,0.16635169433070954,9.148434162536944,107000
1678228114.3999753,0x201,0,1,0,03C7,0.020602214192852984,9.180431865490174,258000
1678228114.4016109,0x201,0,1,0,071E,0.038818236048994974,9.116436459583715,83000
1678228114.404539,0x201,0,1,0,0C1D,0.06606770032268575,9.23570062513666,144000
1678228114.4075046,0x201,0,1,0,1126,0.09353021748358285,9.180431865490174,213000
1678228114.4104335,0x201,0,1,0,1620,0.12067315531367045,9.25606279974326,188000
1678228114.4134657,0x201,0,1,0,1B55,0.14907310517827543,9.331693733996348,177000
1678228114.4164116,0x201,0,1,0,006B,0.002279665893107828,9.28806050269649,151000
1678228114.4195101,0x201,0,1,0,05A2,0.03072222633515409,9.267698328089889,222000
1678228114.4226336,0x201,0,1,0,0A9F,0.05792908003140359,9.20370292218343,266000
1678228114.4243598,0x201,0,1,0,0E0A,0.07657120766195825,9.35205590860295,22000
1678228114.4272592,0x201,0,1,0,1321,0.10433199886494424,9.244427271396633,247000
1678228114.430256,0x201,0,1,0,1830,0.13192234775816514,9.160069690883573,281000
1678228114.4332569,0x201,0,1,0,1D54,0.15996010771451935,9.192067393836803,137000
1678228114.4362228,0x201,0,1,0,0276,0.013422331893999362,9.30842267730309,68000
1678228114.439189,0x201,0,1,0,0794,0.041332260118029776,9.244427271396633,109000
1678228114.4421842,0x201,0,1,0,0CA0,0.06885869314508879,9.30842267730309,222000
1678228114.445372,0x201,0,1,0,11CE,0.09710950598864934,9.171705219230201,239000
1678228114.4471128,0x201,0,1,0,153E,0.11585816006280718,9.212429568443403,81000
1678228114.4500742,0x201,0,1,0,1A5F,0.1438320041529995,9.276424974349862,288000
1678228114.453076,0x201,0,1,0,1F89,0.1719975958416775,9.180431865490174,173000
1678228114.45604,0x201,0,1,0,04A5,0.025331988288833714,9.29969603104312,112000
1678228114.4590414,0x201,0,1,0,09C5,0.05328452709030539,9.25606279974326,131000
1678228114.4618976,0x201,0,1,0,0EE3,0.08119445531433582,9.30842267730309,239000
1678228114.4649444,0x201,0,1,0,13F3,0.10880610949627735,9.23570062513666,186000
1678228114.4668508,0x201,0,1,0,1768,0.12766129001403836,9.25606279974326,103000
1678228114.4698582,0x201,0,1,0,1C99,0.15597601872376082,9.267698328089889,238000
1678228114.472856,0x201,0,1,0,01CB,0.009779127522770962,9.276424974349862,161000
1678228114.4757874,0x201,0,1,0,06E7,0.03764644516936011,9.34042038025632,75000
1678228114.4787884,0x201,0,1,0,0C19,0.0659824791678032,9.34042038025632,81000
1678228114.4817715,0x201,0,1,0,112A,0.09361543863846539,9.384053611556178,213000
1678228114.4848332,0x201,0,1,0,165C,0.12195147263690848,9.40441578616278,114000
1678228114.4877682,0x201,0,1,0,1B81,0.15001053788198332,9.488773366675836,143000
1678228114.4907277,0x201,0,1,0,00A1,0.0034301514840220588,9.436413489116008,156000
1678228114.4926114,0x201,0,1,0,0423,0.022562300755151306,9.37241808320955,239000
1678228114.4955375,0x201,0,1,0,093A,0.050323091958137285,9.488773366675836,141000
1678228114.4985714,0x201,0,1,0,0E95,0.07953264279412636,9.448049017462637,180000
1678228114.5015705,0x201,0,1,0,13C4,0.10780476092640756,9.384053611556178,306000
1678228114.5045402,0x201,0,1,0,18E5,0.13577860501659988,9.37241808320955,122000
1678228114.507507,0x201,0,1,0,1E1D,0.16424247074736675,9.456775663722608,65512000
1678228114.5105534,0x201,0,1,0,0355,0.01817341127870072,9.468411192069238,193000
1678228114.513408,0x201,0,1,0,086E,0.045976813059127965,9.488773366675836,188000
1678228114.5153935,0x201,0,1,0,0C00,0.06544984694978735,9.448049017462637,38000
1678228114.5183578,0x201,0,1,0,112E,0.0937006597933479,9.448049017462637,213000
1678228114.5213578,0x201,0,1,0,1670,0.12237757841132114,9.532406597975697,111000
1678228114.5242841,0x201,0,1,0,1B91,0.15035142250151348,9.584766475535526,37000
1678228114.5272138,0x201,0,1,0,00C1,0.004111920723082344,9.532406597975697,156000
1678228114.5302136,0x201,0,1,0,0609,0.03291667107337939,9.520771069629067,254000
1678228114.5331736,0x201,0,1,0,0B4F,0.06167881084623515,9.468411192069238,3000
1678228114.5362203,0x201,0,1,0,1098,0.09050486648525283,9.37241808320955,88000
1678228114.5392582,0x201,0,1,0,15D0,0.11896873221601972,9.488773366675836,211000
1678228114.5421705,0x201,0,1,0,1AFD,0.14719823977085966,9.468411192069238,106000
1678228114.5440996,0x201,0,1,0,1E8D,0.16662866308407775,9.480046720415867,106000
1678228114.5470374,0x201,0,1,0,03B5,0.020218718995881575,9.608037532228783,125000
1678228114.549997,0x201,0,1,0,08ED,0.04868258472664847,9.552768772582295,83000
1678228114.5529962,0x201,0,1,0,0E53,0.07812649373856453,9.468411192069238,156000
1678228114.5559628,0x201,0,1,0,1381,0.10637730658212509,9.512044423369096,177000
1678228114.558965,0x201,0,1,0,18C8,0.1351607516437015,9.456775663722608,142000
1678228114.5619469,0x201,0,1,0,1DF0,0.16328373275493824,9.436413489116008,92000
1678228114.565057,0x201,0,1,0,0336,0.017512947328361072,9.532406597975697,131000
1678228114.5668557,0x201,0,1,0,06CB,0.03704989708518236,9.584766475535526,73000
1678228114.5698173,0x201,0,1,0,0C05,0.06555637339339053,9.500408895022467,38000
1678228114.5727792,0x201,0,1,0,113E,0.09404154441287806,9.544042126322324,211000
1678228114.575788,0x201,0,1,0,168E,0.12301673707294018,9.480046720415867,37000
1678228114.578761,0x201,0,1,0,1BC9,0.15154451866986896,9.37241808320955,157000
1678228114.5816765,0x201,0,1,0,0107,0.005603290933526717,9.584766475535526,216000
1678228114.5847175,0x201,0,1,0,065B,0.034663704748471365,9.520771069629067,153000
1678228114.5866432,0x201,0,1,0,09DB,0.05375324344215934,9.552768772582295,120000
1678228114.5896378,0x201,0,1,0,0F34,0.08292018370070715,9.552768772582295,189000
1678228114.592569,0x201,0,1,0,1464,0.11121360712170898,9.584766475535526,37000
1678228114.595567,0x201,0,1,0,19B4,0.1401887997817711,9.544042126322324,91000
1678228114.598501,0x201,0,1,0,1EEE,0.16869527608997925,9.616764178488754,219000
1678228114.6014733,0x201,0,1,0,0431,0.022860574797240178,9.564404300928926,105000
1678228114.6045673,0x201,0,1,0,0997,0.052304483809156234,9.564404300928926,148000
1678228114.6075888,0x201,0,1,0,0EF0,0.08147142406770405,9.660397409788613,169000
1678228114.6094232,0x201,0,1,0,126A,0.10043313102906823,9.608037532228783,110000
1678228114.612323,0x201,0,1,0,17AA,0.1290674390696002,9.584766475535526,196000
1678228114.6153204,0x201,0,1,0,1CEC,0.15774435768757344,9.640035235182014,249000
1678228114.6183572,0x201,0,1,0,025F,0.01293231025342478,9.724392815695072,50000
1678228114.6213417,0x201,0,1,0,079E,0.04154531300523612,9.672032938135242,88000
1678228114.624254,0x201,0,1,0,0CE6,0.07035006335553315,9.776752693254902,183000
1678228114.6273336,0x201,0,1,0,1240,0.0995383089028016,9.640035235182014,160000
1678228114.6302063,0x201,0,1,0,1773,0.12789564818996532,9.544042126322324,81000
1678228114.6321435,0x201,0,1,0,1B05,0.1473686820806247,9.628399706835385,174000
1678228114.635145,0x201,0,1,0,0074,0.0024714134915935332,9.704030641088472,96000
1678228114.6381018,0x201,0,1,0,05B6,0.03114833210956677,9.628399706835385,171000
1678228114.6411054,0x201,0,1,0,0B22,0.06072007285380662,9.640035235182014,140000
1678228114.64404,0x201,0,1,0,1054,0.08905610685224973,9.648761881441985,34000
1678228114.647001,0x201,0,1,0,15A7,0.11809521537847373,9.704030641088472,213000
1678228114.6500344,0x201,0,1,0,1AF8,0.14709171332725648,9.692395112741844,46000
1678228114.6520011,0x201,0,1,0,1EAA,0.16724651645697616,9.576039829275555,186000
1678228114.6549609,0x201,0,1,0,03F9,0.02166747862888468,9.660397409788613,115000
1678228114.6579242,0x201,0,1,0,094B,0.050685281866388064,9.648761881441985,108000
1678228114.6608517,0x201,0,1,0,0EA1,0.07978830625877398,9.640035235182014,191000
1678228114.6638246,0x201,0,1,0,13F7,0.1088913306511599,9.660397409788613,196000
1678228114.666868,0x201,0,1,0,194F,0.13803696562098708,9.648761881441985,88000
1678228114.6697834,0x201,0,1,0,1EA8,0.16720390587953488,9.596402003882156,133000
1678228114.6728058,0x201,0,1,0,03FB,0.02171008920632595,9.672032938135242,237000
1678228114.674712,0x201,0,1,0,0795,0.04135356540675041,9.744754990301674,35000
1678228114.6776905,0x201,0,1,0,0CE7,0.07037136864425379,9.83202145290139,184000
1678228114.680641,0x201,0,1,0,123A,0.0994104771704778,9.704030641088472,52000
1678228114.68357,0x201,0,1,0,1788,0.12834305925309863,9.608037532228783,74000
1678228114.6866498,0x201,0,1,0,1CF9,0.1580213264409417,9.744754990301674,217000
1678228114.6895745,0x201,0,1,0,0259,0.012804478521100978,9.768026046994931,58000
1678228114.6926074,0x201,0,1,0,07B5,0.04203533464581069,9.756390518648303,121000
1678228114.6945531,0x201,0,1,0,0B59,0.06189186373344149,9.704030641088472,148000
1678228114.6975005,0x201,0,1,0,1093,0.09039834004164965,9.704030641088472,38000
1678228114.7004485,0x201,0,1,0,15E9,0.11950136443403557,9.768026046994931,205000
1678228114.7034519,0x201,0,1,0,1B56,0.14909441046699606,9.712757287348445,120000
1678228114.7064152,0x201,0,1,0,00B6,0.0038775625471553707,9.768026046994931,144000
1678228114.7093804,0x201,0,1,0,0614,0.03315102924930636,9.736028344041701,286000
1678228114.7123377,0x201,0,1,0,0B7B,0.06261624354994305,9.756390518648303,75000
1678228114.7153418,0x201,0,1,0,10DE,0.0919962366956972,9.692395112741844,124000
1678228114.7182987,0x201,0,1,0,1636,0.1211418716655244,9.80002374994816,115000
1678228114.7212334,0x201,0,1,0,1B84,0.1500744537481452,9.724392815695072,131000
1678228114.7242324,0x201,0,1,0,0100,0.00545415391248228,9.736028344041701,215000
1678228114.7271986,0x201,0,1,0,0652,0.03447195714998566,9.776752693254902,157000
1678228114.7302568,0x201,0,1,0,0BD6,0.06455502482352074,9.83202145290139,65513000
1678228114.7331715,0x201,0,1,0,1125,0.09350891219486221,9.672032938135242,212000
1678228114.7361672,0x201,0,1,0,169A,0.12327240053758778,9.80002374994816,89000
1678228114.739146,0x201,0,1,0,1B0D,0.1475391243903898,9.744754990301674,132000
1678228114.7420666,0x201,0,1,0,0159,0.007350324608618698,9.768026046994931,277000
1678228114.7450376,0x201,0,1,0,06E8,0.03766775045808075,9.788388221601531,108000
1678228114.747971,0x201,0,1,0,0C3F,0.0667920801391873,9.83202145290139,117000
1678228114.7509322,0x201,0,1,0,119C,0.09604424155261765,9.776752693254902,188000
1678228114.7540252,0x201,0,1,0,172E,0.1264255832682416,9.788388221601531,89000
1678228114.7559948,0x201,0,1,0,1AE9,0.14677213399644698,9.916379033414449,171000
1678228114.7599258,0x201,0,1,0,01F8,0.010737865515199488,9.88438133046122,122000
1678228114.7617867,0x201,0,1,0,0592,0.030381341715623948,9.85238362750799,210000
1678228114.7647824,0x201,0,1,0,0B0A,0.06020874592451142,9.916379033414449,146000
1678228114.767754,0x201,0,1,0,1069,0.08950351791538304,9.85238362750799,65451000
1678228114.7707775,0x201,0,1,0,15F5,0.11975702789868319,9.90474350506782,130000
1678228114.773711,0x201,0,1,0,1B55,0.14907310517827543,9.960012264714306,121000
1678228114.7766354,0x201,0,1,0,00CB,0.004324973610288683,9.980374439320908,119000
1678228114.7796323,0x201,0,1,0,063C,0.03400324079813171,9.840748099161361,168000
1678228114.7825935,0x201,0,1,0,0BB0,0.06374542385213665,9.896016858807847,82000
1678228114.7856686,0x201,0,1,0,114B,0.0943185131662463,9.83202145290139,139000
1678228114.7885609,0x201,0,1,0,169D,0.12333631640374969,9.928014561761078,87000
1678228114.7914913,0x201,0,1,0,1C0C,0.15297197301415144,9.85238362750799,84000
1678228114.794492,0x201,0,1,0,0196,0.008649947220577365,9.864019155854619,284000
1678228114.7974374,0x201,0,1,0,0700,0.038179077387375956,9.872745802114592,62000
1678228114.8004405,0x201,0,1,0,0C77,0.06798517630754279,9.928014561761078,179000
1678228114.8033986,0x201,0,1,0,11DE,0.09745039060817948,9.864019155854619,42000
1678228114.8053498,0x201,0,1,0,1597,0.1177543307589436,10.012372142274137,139000
1678228114.8083131,0x201,0,1,0,1A0A,0.14202105461174563,10.032734316880738,110000
1678228114.8113112,0x201,0,1,0,0092,0.00311057215321255,10.012372142274137,104000
1678228114.8142378,0x201,0,1,0,05FB,0.03261839703129051,9.896016858807847,250000
1678228114.817238,0x201,0,1,0,0B8D,0.06299973874691446,9.96873891097428,128000
1678228114.8202024,0x201,0,1,0,10FC,0.09263539535731621,9.94837673636768,122000
1678228114.823202,0x201,0,1,0,1683,0.1227823788970132,9.980374439320908,42000
1678228114.8261669,0x201,0,1,0,1BFA,0.15258847781718005,9.928014561761078,140000
1678228114.8291044,0x201,0,1,0,016C,0.007755125094310741,9.93674120802105,248000
1678228114.8320913,0x201,0,1,0,06DE,0.037454697570874405,9.94837673636768,78000
1678228114.834026,0x201,0,1,0,0AA5,0.05805691176372739,9.93674120802105,187000
1678228114.837054,0x201,0,1,0,102C,0.08820389530342437,9.980374439320908,67000
1678228114.8399897,0x201,0,1,0,1597,0.1177543307589436,10.044369845227367,200000
1678228114.842953,0x201,0,1,0,1B12,0.14764565083399298,10.044369845227367,108000
1678228114.8458831,0x201,0,1,0,0081,0.0027483822449617737,10.056005373573996,85000
1678228114.8489294,0x201,0,1,0,0614,0.03315102924930636,9.960012264714306,224000
1678228114.851875,0x201,0,1,0,0B9D,0.0633406233664446,10.032734316880738,69000
1678228114.8549168,0x201,0,1,0,1138,0.09391371268055425,10.012372142274137,204000
1678228114.8578806,0x201,0,1,0,16AB,0.12363459044583854,10.044369845227367,109000
1678228114.8598013,0x201,0,1,0,1A6E,0.14415158348380902,9.992009967667537,224000
1678228114.8627667,0x201,0,1,0,1FF0,0.17419204057990278,10.012372142274137,126000
1678228114.865698,0x201,0,1,0,0561,0.02933738256831289,10.012372142274137,182000
1678228114.8686566,0x201,0,1,0,0AF3,0.05971872428393684,10.032734316880738,141000
1678228114.8716693,0x201,0,1,0,107E,0.08995092897851635,10.00073661392751,38000
1678228114.874662,0x201,0,1,0,1612,0.12037488127158157,10.128727425740426,189000
1678228114.877594,0x201,0,1,0,1B8A,0.15020228548046904,10.181087303300256,65000
1678228114.880614,0x201,0,1,0,0130,0.006476807771072707,10.172360657040285,237000
1678228114.8835442,0x201,0,1,0,06B0,0.036474654289725246,10.032734316880738,107000
1678228114.8855138,0x201,0,1,0,0A70,0.0569277314615338,10.044369845227367,182000
1678228114.888443,0x201,0,1,0,0FEB,0.08681905153658316,10.140362954087054,74000
1678228114.8914754,0x201,0,1,0,1593,0.11766910960406106,10.024007670620765,194000
1678228114.8945072,0x201,0,1,0,1B1B,0.14783739843247867,10.056005373573996,100000
1678228114.8973782,0x201,0,1,0,0098,0.0032384038855363534,10.128727425740426,156000
1678228114.9003456,0x201,0,1,0,0628,0.033577135023719035,10.088003076527224,176000
1678228114.9033473,0x201,0,1,0,0BB9,0.06393717145062235,10.140362954087054,21000
1678228114.9065547,0x201,0,1,0,115F,0.09474461894065897,10.088003076527224,203000
1678228114.9082663,0x201,0,1,0,1509,0.11472897976061357,10.044369845227367,65457000
1678228114.9111965,0x201,0,1,0,1A86,0.1446629104131042,10.056005373573996,153000
1678228114.9143815,0x201,0,1,0,0075,0.002492718780314167,10.108365251133826,101000
1678228114.9171915,0x201,0,1,0,05B4,0.031105721532125503,10.108365251133826,170000
1678228114.9202163,0x201,0,1,0,0B62,0.062083611331927205,10.128727425740426,72000
1678228114.9231431,0x201,0,1,0,10E7,0.0921879842941829,10.056005373573996,127000
1678228114.9261782,0x201,0,1,0,1676,0.12250541014364497,10.172360657040285,110000
1678228114.928051,0x201,0,1,0,1A38,0.14300109789289475,10.076367548180595,213000
1678228114.9310133,0x201,0,1,0,1FC9,0.17336113431979808,10.056005373573996,82000
1678228114.933996,0x201,0,1,0,055A,0.029188245547268447,10.088003076527224,151000
1678228114.9380887,0x201,0,1,0,0CF1,0.07058442153146012,10.192722831646885,186000
1678228114.9409359,0x201,0,1,0,1277,0.10071009978243646,10.064732019833968,88000
1678228114.9439294,0x201,0,1,0,1813,0.13130449438526676,10.140362954087054,177000
1678228114.9469378,0x201,0,1,0,1DB4,0.16200541543170022,10.056005373573996,108000
1678228114.9498587,0x201,0,1,0,0352,0.01810949541253882,10.204358359993513,189000
1678228114.9538522,0x201,0,1,0,0AE3,0.0593778396644067,10.172360657040285,150000
1678228114.9568243,0x201,0,1,0,1051,0.08899219098608782,10.256718237553343,65511000
1678228114.9597654,0x201,0,1,0,1609,0.12018313367309585,10.204358359993513,194000
1678228114.9616559,0x201,0,1,0,19A9,0.13995444160584414,10.256718237553343,38000
1678228114.9646912,0x201,0,1,0,1F6C,0.17137974246877913,10.181087303300256,218000
1678228114.967617,0x201,0,1,0,04F1,0.02695119023160189,10.192722831646885,88000
1678228114.9706135,0x201,0,1,0,0AA9,0.05814213291860992,10.140362954087054,183000
1678228114.9736357,0x201,0,1,0,103F,0.08860869578911641,10.245082709206713,11000
1678228114.9765441,0x201,0,1,0,15D7,0.11911786923706418,10.140362954087054,210000
1678228114.9795508,0x201,0,1,0,1B72,0.14969095855117381,10.192722831646885,111000
1678228114.9827592,0x201,0,1,0,012C,0.006391586616190171,10.256718237553343,236000
1678228114.9844365,0x201,0,1,0,04D4,0.026333336858703506,10.192722831646885,75000
1678228114.9874806,0x201,0,1,0,0A8C,0.05752427954571155,10.149089600347025,205000
1678228114.9903984,0x201,0,1,0,1017,0.08775648424029106,10.224720534600115,14000
1678228114.9933615,0x201,0,1,0,15C2,0.11867045817393085,10.128727425740426,217000
1678228114.996362,0x201,0,1,0,1B6F,0.14962704268501192,10.181087303300256,188000
1678228114.9992938,0x201,0,1,0,0108,0.0056245962222473515,10.277080412159943,217000
1678228115.0022912,0x201,0,1,0,06C2,0.03685814948669666,10.224720534600115,75000
1678228115.0052404,0x201,0,1,0,0C52,0.06719688062487933,10.268353765899972,117000
1678228115.0082521,0x201,0,1,0,120D,0.09845173917804928,10.256718237553343,15000
1678228115.0111797,0x201,0,1,0,17A9,0.12904613378087956,10.245082709206713,195000
1678228115.014105,0x201,0,1,0,1D33,0.15925703318673845,10.172360657040285,164000
1678228115.01739,0x201,0,1,0,02FD,0.016298545871284938,10.245082709206713,77000
1678228115.0201,0x201,0,1,0,0899,0.04689294047411522,10.192722831646885,115000
1678228115.0230613,0x201,0,1,0,0E48,0.07789213556263756,10.245082709206713,86000
1678228115.0260289,0x201,0,1,0,13EA,0.10861436189779165,10.172360657040285,159000
1678228115.0290368,0x201,0,1,0,19A3,0.1398266098735203,10.224720534600115,65518000
1678228115.0319922,0x201,0,1,0,1F4D,0.1707192785184395,10.309078115113172,187000
1678228115.0350003,0x201,0,1,0,04DF,0.02656769503463048,10.277080412159943,80000
1678228115.0379305,0x201,0,1,0,0AA3,0.058014301186286116,10.320713643459802,189000
1678228115.0398457,0x201,0,1,0,0E54,0.07814779902728516,10.277080412159943,153000
1678228115.0428474,0x201,0,1,0,141B,0.1096583210451027,10.192722831646885,158000
1678228115.04584,0x201,0,1,0,19C7,0.14059360026746315,10.256718237553343,85000
1678228115.0488064,0x201,0,1,0,1F73,0.17152887948982357,10.332349171806431,114000
